company_id,country,sector,revenue,debt_ratio,days_late,num_employees,credit_score,years_in_business,defaulted,expected_loss
C0001,FR,Energy,355.69,0.086,8,30,461,16,0,1.1
C0002,IT,Tech,109.16,0.168,9,112,632,8,0,0.03
C0003,IT,Tech,99.72,0.449,7,341,817,5,0,0.07
C0004,ES,Tech,250.08,0.248,8,204,483,29,0,0.49
C0005,ES,Energy,362.12,0.196,7,18,575,10,0,0.62
C0006,BE,Tech,186.45,0.267,8,116,414,27,1,27.99
C0007,FR,Finance,73.66,0.053,11,397,584,6,0,0.01
C0008,IT,Energy,69.95,0.359,9,344,786,4,0,0.01
C0009,DE,Finance,66.75,0.285,11,405,649,28,0,0.02
C0010,FR,Construction,52.6,0.068,10,178,378,14,0,0.37
C0011,ES,Tech,195.71,0.168,9,464,707,23,0,0.03
C0012,BE,Tech,398.43,0.088,7,460,532,2,0,0.41
C0013,IT,Construction,179.58,0.348,6,186,310,8,0,4.75
C0014,IT,Tech,37.25,0.202,4,107,642,4,0,0.01
C0015,IT,Tech,158.61,0.124,11,481,464,11,0,0.35
C0016,IT,Finance,161.75,0.581,8,178,834,12,0,0.17
C0017,ES,Energy,786.19,0.422,4,250,847,15,0,0.19
C0018,FR,Retail,65.37,0.254,8,466,669,10,0,0.04
C0019,BE,Energy,137.9,0.272,4,138,647,18,0,0.09
C0020,ES,Energy,598.3,0.255,9,442,467,36,0,0.74
C0021,ES,Finance,248.39,0.292,9,84,338,4,1,43.3
C0022,DE,Construction,268.89,0.173,12,150,333,35,0,1.0
C0023,FR,Retail,196.41,0.593,10,197,555,17,0,0.33
C0024,BE,Retail,228.37,0.375,16,244,474,23,0,1.48
C0025,IT,Construction,312.41,0.219,9,125,828,27,0,0.08
C0026,IT,Retail,102.86,0.277,6,442,461,29,0,0.15
C0027,ES,Tech,335.17,0.228,11,334,418,37,0,1.61
C0028,BE,Retail,69.33,0.134,10,336,750,39,0,0.0
C0029,ES,Retail,228.12,0.485,9,367,759,4,0,0.13
C0030,ES,Finance,205.43,0.037,6,320,507,16,0,0.02
C0031,ES,Retail,117.75,0.143,7,323,344,22,0,0.74
C0032,DE,Retail,178.42,0.486,4,331,354,21,0,1.32
C0033,FR,Finance,117.24,0.491,17,361,586,39,0,0.62
C0034,ES,Retail,85.61,0.244,4,460,778,26,0,0.02
C0035,BE,Finance,141.52,0.136,9,102,512,16,0,0.15
C0036,FR,Retail,83.7,0.128,9,261,309,36,0,0.18
C0037,BE,Retail,227.23,0.258,6,96,506,29,1,31.23
C0038,BE,Retail,81.04,0.095,10,94,301,32,1,8.69
C0039,DE,Construction,298.38,0.308,11,475,532,25,0,0.29
C0040,IT,Construction,79.28,0.376,5,238,561,3,1,13.2
C0041,FR,Energy,121.95,0.244,7,353,701,38,0,0.0
C0042,IT,Tech,117.07,0.307,7,365,338,28,0,0.23
C0043,IT,Retail,458.34,0.394,6,20,564,6,0,0.17
C0044,DE,Energy,228.42,0.272,7,248,397,10,0,0.92
C0045,FR,Tech,156.3,0.25,9,94,556,14,0,0.03
C0046,BE,Energy,257.01,0.643,9,160,841,10,0,0.1
C0047,ES,Construction,41.47,0.332,9,98,707,25,0,0.11
C0048,BE,Finance,175.88,0.402,9,334,764,22,0,0.06
C0049,IT,Energy,733.82,0.32,8,70,321,9,1,84.82
C0050,IT,Retail,198.87,0.289,10,227,720,28,0,0.02
C0051,IT,Tech,190.1,0.283,10,156,776,12,0,0.01
C0052,FR,Finance,266.05,0.383,12,481,668,7,0,0.17
C0053,DE,Energy,339.31,0.081,10,395,730,38,0,0.05
C0054,ES,Construction,44.78,0.488,3,179,326,13,1,10.94
C0055,ES,Energy,55.83,0.256,7,150,706,10,0,0.04
C0056,FR,Retail,210.02,0.06,6,360,759,28,0,0.0
C0057,ES,Finance,109.9,0.121,10,317,426,30,0,0.13
C0058,FR,Construction,454.15,0.128,4,279,559,6,0,0.32
C0059,IT,Finance,145.38,0.071,5,40,532,3,0,0.13
C0060,IT,Finance,46.8,0.27,10,43,354,34,0,0.15
C0061,BE,Tech,74.62,0.329,3,319,370,20,0,0.58
C0062,IT,Tech,26.45,0.19,15,237,465,18,0,0.01
C0063,DE,Tech,153.87,0.189,7,415,360,17,0,0.7
C0064,BE,Finance,158.88,0.103,8,19,576,23,0,0.04
C0065,ES,Energy,134.68,0.344,9,97,330,27,1,13.43
C0066,DE,Energy,385.76,0.51,9,395,307,4,0,5.88
C0067,BE,Finance,419.46,0.183,2,489,646,11,0,0.11
C0068,DE,Construction,160.89,0.184,4,368,438,38,0,0.68
C0069,FR,Finance,40.68,0.397,8,11,507,7,0,0.23
C0070,ES,Finance,279.25,0.277,7,30,484,36,0,0.02
C0071,IT,Retail,267.4,0.159,1,439,558,16,0,0.16
C0072,FR,Tech,225.11,0.271,10,252,555,8,0,0.07
C0073,ES,Construction,360.34,0.083,7,250,373,24,0,2.59
C0074,FR,Finance,80.21,0.185,10,480,301,26,0,0.03
C0075,IT,Retail,739.61,0.189,5,127,543,14,0,0.08
C0076,ES,Tech,92.61,0.321,6,145,610,31,0,0.05
C0077,DE,Energy,306.27,0.459,5,344,722,3,0,0.05
C0078,DE,Construction,55.64,0.342,7,452,408,5,0,0.17
C0079,ES,Retail,94.52,0.247,7,186,346,25,0,0.26
C0080,IT,Construction,523.98,0.292,9,79,628,23,0,1.6
C0081,BE,Tech,151.01,0.155,15,32,796,28,0,0.01
C0082,ES,Tech,326.34,0.356,8,8,431,34,0,0.71
C0083,FR,Energy,213.98,0.555,5,190,347,37,1,63.13
C0084,BE,Energy,168.43,0.256,6,267,521,20,0,0.22
C0085,IT,Construction,470.92,0.365,10,247,608,20,0,0.53
C0086,IT,Tech,153.6,0.149,8,123,642,37,0,0.01
C0087,FR,Finance,52.12,0.358,11,339,362,38,0,0.01
C0088,DE,Retail,103.31,0.422,2,440,661,2,0,0.04
C0089,IT,Finance,266.62,0.348,8,120,488,20,0,0.12
C0090,BE,Retail,239.09,0.475,5,338,316,36,0,0.54
C0091,ES,Construction,60.53,0.417,8,274,807,2,0,0.09
C0092,BE,Tech,109.18,0.352,6,345,594,39,0,0.05
C0093,BE,Tech,120.64,0.298,6,12,467,30,0,0.05
C0094,DE,Retail,140.35,0.296,8,338,749,7,0,0.01
C0095,BE,Construction,69.19,0.186,7,374,738,25,0,0.01
C0096,DE,Retail,116.76,0.047,7,341,413,17,0,0.22
C0097,DE,Construction,108.85,0.409,11,421,828,14,0,0.02
C0098,IT,Construction,311.09,0.392,9,374,592,25,0,0.07
C0099,IT,Finance,319.38,0.42,5,492,444,29,0,0.67
C0100,FR,Construction,163.68,0.006,11,336,546,35,0,0.04
C0101,BE,Tech,137.77,0.128,8,225,403,17,0,0.09
C0102,FR,Construction,199.93,0.253,11,417,767,7,0,0.04
C0103,BE,Finance,102.35,0.242,6,348,447,34,0,0.08
C0104,FR,Tech,81.22,0.387,12,281,541,14,0,0.14
C0105,IT,Retail,93.86,0.212,4,291,337,30,0,0.03
C0106,IT,Finance,116.24,0.12,7,178,819,32,0,0.0
C0107,IT,Retail,80.28,0.548,3,308,466,3,0,0.15
C0108,IT,Energy,203.05,0.443,8,236,658,16,0,0.1
C0109,ES,Tech,302.11,0.167,4,69,494,4,0,0.19
C0110,IT,Retail,59.68,0.461,5,222,608,24,0,0.13
C0111,DE,Construction,184.49,0.405,5,475,608,32,0,0.68
C0112,IT,Retail,155.41,0.056,8,169,460,22,0,0.06
C0113,ES,Construction,230.22,0.175,9,340,537,13,0,0.16
C0114,ES,Construction,179.64,0.211,7,210,628,38,0,0.21
C0115,ES,Retail,65.53,0.409,4,146,419,4,1,5.79
C0116,ES,Retail,74.91,0.268,6,195,372,6,0,0.45
C0117,FR,Construction,185.04,0.185,2,479,398,15,0,4.02
C0118,FR,Energy,372.47,0.181,12,60,528,37,0,0.26
C0119,DE,Retail,38.48,0.344,4,335,417,35,0,0.08
C0120,FR,Finance,230.91,0.19,4,416,456,23,0,0.02
C0121,ES,Tech,416.85,0.545,9,96,677,38,0,0.28
C0122,IT,Retail,162.86,0.481,7,379,668,36,0,0.35
C0123,IT,Finance,266.44,0.345,5,320,818,23,0,0.04
C0124,ES,Retail,110.81,0.396,6,172,720,5,0,0.2
C0125,BE,Energy,166.74,0.322,13,92,533,36,0,0.5
C0126,ES,Finance,58.29,0.433,9,472,810,26,0,0.02
C0127,FR,Energy,35.13,0.224,5,102,806,6,0,0.01
C0128,IT,Energy,350.7,0.674,11,474,422,33,0,6.29
C0129,ES,Tech,90.97,0.597,10,325,394,16,0,0.89
C0130,IT,Retail,131.78,0.019,8,429,786,31,0,0.01
C0131,ES,Energy,68.68,0.134,13,151,789,11,0,0.01
C0132,ES,Finance,67.56,0.323,2,19,765,1,0,0.05
C0133,FR,Retail,160.5,0.416,6,329,553,18,0,0.35
C0134,ES,Finance,108.78,0.135,11,188,774,18,0,0.01
C0135,IT,Energy,236.18,0.443,14,277,722,34,0,0.01
C0136,DE,Energy,248.83,0.182,8,231,707,5,0,0.24
C0137,IT,Retail,226.92,0.305,4,164,631,36,0,0.03
C0138,FR,Construction,214.22,0.297,6,360,447,6,0,0.93
C0139,DE,Retail,546.99,0.152,11,252,710,37,0,0.01
C0140,ES,Tech,85.86,0.33,8,319,782,28,0,0.01
C0141,BE,Construction,174.43,0.182,7,337,786,15,0,0.02
C0142,DE,Retail,400.57,0.117,6,340,629,38,0,0.03
C0143,DE,Energy,439.3,0.039,7,168,321,15,0,0.72
C0144,ES,Energy,67.0,0.409,5,384,707,25,0,0.09
C0145,BE,Retail,145.67,0.32,12,113,439,1,0,0.22
C0146,BE,Tech,469.04,0.305,6,474,412,4,0,3.65
C0147,FR,Tech,258.7,0.129,9,405,343,14,0,0.71
C0148,DE,Construction,207.82,0.211,7,277,386,10,0,1.96
C0149,BE,Finance,155.65,0.327,10,94,569,9,0,0.29
C0150,FR,Finance,138.56,0.189,8,452,452,15,0,0.24
C0151,BE,Retail,221.79,0.532,11,279,509,24,1,37.83
C0152,DE,Retail,151.92,0.394,5,408,581,5,0,0.35
C0153,BE,Retail,175.95,0.271,7,18,589,30,0,0.5
C0154,DE,Energy,191.53,0.323,11,172,529,34,0,0.35
C0155,ES,Retail,112.77,0.451,6,153,549,33,1,23.42
C0156,IT,Tech,263.09,0.569,13,407,788,8,0,0.18
C0157,FR,Finance,1394.05,0.536,7,234,455,35,0,2.85
C0158,ES,Finance,52.25,0.114,10,63,307,6,0,0.06
C0159,ES,Finance,227.42,0.157,10,309,740,5,0,0.09
C0160,IT,Tech,106.47,0.11,10,83,344,29,0,0.13
C0161,BE,Construction,271.56,0.396,10,226,725,30,0,0.02
C0162,IT,Construction,187.28,0.488,10,496,478,5,0,0.38
C0163,ES,Retail,308.99,0.187,11,220,762,17,0,0.14
C0164,ES,Energy,412.76,0.214,6,217,392,17,0,2.66
C0165,ES,Energy,207.41,0.182,14,24,390,29,0,1.73
C0166,BE,Tech,400.39,0.118,8,233,523,21,0,0.06
C0167,DE,Construction,35.13,0.667,11,479,530,24,0,0.66
C0168,FR,Construction,551.87,0.253,8,475,694,4,0,0.73
C0169,DE,Energy,235.7,0.386,15,481,656,39,0,0.15
C0170,FR,Construction,385.48,0.636,9,184,846,22,0,0.33
C0171,FR,Construction,77.18,0.589,11,37,672,27,0,0.16
C0172,FR,Energy,101.34,0.093,5,122,411,19,0,0.79
C0173,IT,Tech,200.77,0.249,9,109,348,10,1,50.35
C0174,IT,Construction,179.12,0.337,7,43,446,27,0,1.17
C0175,IT,Construction,221.0,0.543,10,356,840,12,0,0.07
C0176,ES,Finance,387.28,0.294,10,263,722,9,1,65.63
C0177,IT,Retail,52.69,0.114,9,362,707,22,0,0.02
C0178,FR,Energy,358.41,0.239,9,103,449,14,0,0.34
C0179,BE,Finance,182.33,0.02,7,349,557,35,0,0.06
C0180,ES,Energy,157.17,0.348,8,37,687,26,0,0.45
C0181,BE,Finance,64.73,0.399,7,362,820,15,0,0.0
C0182,FR,Retail,257.79,0.265,8,407,620,2,0,0.21
C0183,ES,Retail,33.45,0.477,7,130,311,14,1,4.0
C0184,IT,Construction,285.4,0.131,8,167,770,5,0,0.02
C0185,ES,Tech,63.79,0.37,6,220,813,9,0,0.01
C0186,ES,Energy,188.18,0.193,10,291,318,12,0,0.28
C0187,FR,Energy,166.76,0.186,12,266,515,26,0,0.11
C0188,DE,Energy,411.03,0.175,4,56,838,5,0,0.06
C0189,DE,Finance,159.96,0.368,10,192,824,7,0,0.06
C0190,DE,Retail,111.51,0.304,10,255,830,2,0,0.03
C0191,IT,Construction,127.15,0.283,8,308,836,36,0,0.02
C0192,IT,Finance,441.87,0.404,5,317,312,39,0,1.38
C0193,IT,Construction,263.86,0.24,7,334,383,12,1,53.89
C0194,DE,Tech,138.39,0.246,6,227,574,18,0,0.06
C0195,BE,Retail,153.62,0.551,10,253,631,12,0,0.49
C0196,FR,Construction,60.52,0.123,12,172,520,21,0,0.04
C0197,DE,Energy,237.92,0.152,17,139,447,22,0,0.19
C0198,FR,Retail,52.89,0.536,13,158,439,10,1,4.84
C0199,DE,Tech,306.82,0.437,7,222,631,26,0,0.21
C0200,BE,Finance,198.35,0.21,9,59,837,1,0,0.01
C0201,DE,Tech,963.78,0.178,11,113,754,26,0,0.06
C0202,BE,Retail,83.92,0.185,12,62,396,30,0,0.03
C0203,ES,Construction,168.7,0.456,9,207,381,3,0,4.11
C0204,IT,Retail,638.3,0.234,14,250,444,29,0,1.42
C0205,ES,Finance,417.37,0.142,9,85,703,29,0,0.1
C0206,DE,Finance,111.35,0.431,7,73,304,38,1,14.44
C0207,IT,Finance,212.04,0.117,7,265,687,32,0,0.02
C0208,BE,Finance,181.53,0.224,8,115,619,1,0,0.15
C0209,DE,Tech,220.82,0.487,13,434,662,4,0,0.26
C0210,IT,Tech,111.15,0.332,5,86,773,6,0,0.02
C0211,DE,Tech,170.29,0.68,9,243,625,23,0,1.47
C0212,IT,Energy,59.23,0.252,7,402,642,28,0,0.12
C0213,IT,Finance,199.26,0.239,9,56,564,26,0,0.04
C0214,ES,Construction,248.39,0.206,5,227,658,13,0,0.28
C0215,IT,Construction,154.59,0.395,10,238,509,8,0,0.17
C0216,DE,Finance,58.53,0.284,4,278,336,3,0,0.4
C0217,FR,Construction,362.12,0.368,6,443,313,15,0,0.84
C0218,FR,Tech,233.96,0.141,10,293,693,12,0,0.08
C0219,ES,Energy,109.05,0.415,13,191,650,12,0,0.65
C0220,BE,Energy,148.95,0.362,4,201,524,4,1,52.77
C0221,FR,Retail,63.4,0.3,9,313,710,12,0,0.02
C0222,ES,Construction,88.43,0.185,3,152,560,33,0,0.2
C0223,IT,Construction,124.4,0.525,5,343,440,10,0,4.15
C0224,DE,Construction,428.33,0.408,8,194,621,35,0,0.6
C0225,IT,Energy,115.86,0.323,7,34,507,4,0,0.12
C0226,DE,Construction,283.77,0.09,7,269,836,25,0,0.01
C0227,BE,Finance,124.36,0.309,10,129,696,5,0,0.05
C0228,ES,Energy,215.63,0.315,10,182,711,16,0,0.44
C0229,ES,Energy,164.19,0.182,5,165,678,38,0,0.01
C0230,FR,Retail,334.0,0.198,6,72,676,30,0,0.01
C0231,ES,Construction,124.67,0.444,7,148,725,21,1,29.69
C0232,BE,Finance,60.29,0.267,4,457,537,25,0,0.06
C0233,FR,Construction,68.9,0.135,6,163,751,26,0,0.01
C0234,IT,Finance,124.92,0.253,13,367,318,31,0,0.3
C0235,ES,Finance,75.62,0.102,9,207,666,24,0,0.0
C0236,IT,Construction,241.57,0.234,6,37,596,20,1,43.95
C0237,IT,Energy,130.84,0.752,4,419,304,3,1,11.9
C0238,ES,Retail,955.49,0.288,8,453,663,38,0,0.43
C0239,DE,Retail,53.71,0.357,5,121,301,23,1,11.04
C0240,IT,Tech,209.04,0.281,7,89,687,12,0,0.13
C0241,FR,Energy,82.31,0.116,6,465,588,6,0,0.03
C0242,ES,Construction,128.33,0.276,4,53,634,24,0,0.01
C0243,FR,Energy,200.14,0.253,9,445,635,31,0,0.28
C0244,IT,Retail,35.6,0.521,7,90,465,32,0,0.11
C0245,IT,Tech,213.96,0.197,7,434,642,35,0,0.13
C0246,FR,Finance,686.79,0.467,6,466,421,35,1,150.6
C0247,IT,Finance,131.97,0.165,12,123,717,25,0,0.06
C0248,ES,Tech,217.43,0.346,7,114,349,37,0,2.88
C0249,IT,Finance,371.46,0.108,12,57,377,3,0,0.17
C0250,FR,Construction,161.62,0.368,6,394,686,16,0,0.18
C0251,FR,Finance,120.7,0.165,8,177,331,19,0,0.19
C0252,ES,Finance,36.85,0.064,4,323,833,28,0,0.0
C0253,FR,Construction,283.92,0.149,8,309,317,12,0,0.55
C0254,DE,Tech,167.47,0.343,3,261,588,12,0,0.27
C0255,IT,Construction,89.22,0.285,5,125,841,36,0,0.01
C0256,FR,Tech,198.07,0.071,8,185,670,26,0,0.01
C0257,IT,Tech,120.47,0.338,2,252,647,25,0,0.06
C0258,FR,Construction,125.22,0.263,12,51,680,8,0,0.06
C0259,FR,Energy,277.11,0.155,3,204,688,20,0,0.04
C0260,ES,Energy,71.03,0.194,6,356,388,17,0,0.64
C0261,IT,Tech,377.33,0.295,7,213,469,25,0,2.78
C0262,FR,Energy,68.14,0.257,9,200,405,36,0,0.41
C0263,DE,Retail,113.99,0.178,5,420,416,11,0,0.22
C0264,BE,Construction,696.5,0.201,8,269,414,32,0,1.28
C0265,BE,Energy,399.07,0.132,8,369,650,25,0,0.08
C0266,ES,Finance,194.09,0.183,10,30,813,20,0,0.07
C0267,ES,Energy,93.84,0.081,10,464,607,38,0,0.07
C0268,DE,Energy,125.15,0.074,11,389,308,6,0,0.67
C0269,IT,Retail,190.81,0.159,11,414,680,27,0,0.03
C0270,ES,Retail,186.1,0.361,7,347,597,16,0,0.12
C0271,DE,Tech,170.1,0.254,6,271,727,27,0,0.01
C0272,FR,Tech,177.4,0.357,6,267,507,6,0,0.26
C0273,FR,Tech,156.01,0.27,6,314,535,29,0,0.45
C0274,BE,Tech,66.06,0.328,8,250,662,3,0,0.09
C0275,ES,Construction,126.27,0.159,8,366,689,14,0,0.1
C0276,ES,Retail,343.86,0.154,11,171,421,36,0,0.33
C0277,ES,Tech,69.56,0.244,9,385,622,25,0,0.03
C0278,IT,Retail,158.75,0.352,12,174,828,20,0,0.0
C0279,FR,Tech,102.12,0.139,5,240,335,13,0,0.08
C0280,FR,Construction,195.97,0.196,11,38,482,4,0,0.47
C0281,DE,Retail,138.1,0.178,9,450,593,5,0,0.05
C0282,ES,Tech,509.88,0.676,9,344,809,28,0,0.84
C0283,IT,Retail,258.43,0.294,6,128,832,11,0,0.0
C0284,ES,Finance,72.37,0.277,9,27,624,3,0,0.1
C0285,ES,Construction,289.99,0.177,8,426,600,18,0,0.62
C0286,BE,Tech,105.4,0.01,13,5,527,16,0,0.04
C0287,FR,Retail,121.04,0.423,11,243,544,38,0,0.28
C0288,ES,Retail,225.81,0.099,5,20,703,9,0,0.1
C0289,ES,Energy,128.48,0.211,5,348,599,11,0,0.07
C0290,ES,Construction,338.66,0.095,4,105,604,7,0,0.04
C0291,BE,Energy,105.41,0.442,8,216,764,8,0,0.02
C0292,DE,Finance,117.54,0.38,11,287,376,21,0,0.16
C0293,BE,Tech,114.5,0.072,10,188,826,9,0,0.0
C0294,DE,Tech,122.0,0.134,11,342,687,29,0,0.0
C0295,ES,Energy,391.28,0.266,8,256,622,32,0,0.27
C0296,ES,Tech,281.51,0.023,9,213,618,20,0,0.02
C0297,BE,Finance,600.02,0.032,9,164,617,10,0,0.04
C0298,ES,Retail,886.56,0.184,6,207,611,33,0,0.97
C0299,DE,Energy,88.1,0.415,12,163,492,38,0,0.22
C0300,FR,Energy,190.43,0.169,3,290,705,36,0,0.05
C0301,DE,Retail,79.57,0.429,4,383,438,36,0,0.09
C0302,BE,Energy,105.18,0.283,10,300,659,32,0,0.12
C0303,FR,Energy,116.62,0.194,5,20,589,29,0,0.01
C0304,BE,Tech,86.49,0.403,7,423,501,38,0,0.34
C0305,ES,Retail,86.81,0.13,18,394,742,14,0,0.02
C0306,FR,Retail,163.86,0.361,11,410,475,37,0,0.14
C0307,DE,Retail,77.35,0.481,10,29,662,1,0,0.07
C0308,ES,Energy,326.85,0.181,9,412,437,33,0,0.62
C0309,DE,Retail,95.35,0.056,7,236,410,14,0,0.2
C0310,FR,Finance,1295.56,0.017,7,422,616,12,0,0.64
C0311,IT,Tech,132.16,0.165,5,391,836,27,0,0.01
C0312,IT,Construction,190.64,0.191,7,440,464,7,0,0.35
C0313,FR,Construction,73.2,0.239,8,65,362,39,1,8.54
C0314,DE,Energy,598.4,0.285,7,279,366,29,1,181.89
C0315,DE,Finance,396.89,0.23,8,365,570,1,0,0.61
C0316,IT,Retail,223.15,0.142,7,299,730,33,0,0.01
C0317,IT,Tech,70.61,0.11,6,406,691,5,0,0.02
C0318,IT,Tech,210.08,0.083,8,364,415,33,0,0.13
C0319,BE,Retail,82.68,0.302,7,22,759,32,0,0.02
C0320,IT,Tech,504.54,0.393,8,103,390,26,0,0.95
C0321,DE,Tech,319.4,0.111,11,319,607,24,0,0.08
C0322,FR,Construction,193.8,0.363,7,183,766,33,0,0.22
C0323,IT,Tech,32.94,0.188,9,181,744,34,0,0.0
C0324,BE,Finance,91.07,0.315,8,456,686,28,0,0.11
C0325,BE,Construction,293.37,0.457,8,49,482,7,1,84.12
C0326,DE,Finance,423.7,0.252,8,263,721,26,0,0.12
C0327,DE,Retail,394.03,0.098,8,159,512,8,0,0.28
C0328,FR,Finance,59.48,0.083,9,30,492,2,0,0.18
C0329,FR,Construction,223.87,0.255,14,190,592,6,0,0.34
C0330,ES,Finance,369.02,0.127,6,205,639,18,0,0.06
C0331,ES,Tech,56.78,0.433,9,230,415,38,1,25.89
C0332,DE,Finance,180.27,0.171,5,84,812,2,0,0.07
C0333,DE,Energy,219.57,0.276,12,365,776,3,0,0.04
C0334,BE,Retail,146.86,0.3,7,181,455,4,0,0.28
C0335,ES,Energy,49.58,0.565,4,288,432,8,0,0.06
C0336,BE,Retail,144.32,0.161,5,274,337,22,0,0.22
C0337,BE,Finance,144.15,0.272,12,284,523,33,0,0.07
C0338,DE,Tech,163.42,0.309,12,255,393,2,1,56.39
C0339,DE,Tech,122.19,0.21,7,154,811,32,0,0.0
C0340,BE,Energy,132.94,0.179,12,247,793,36,0,0.01
C0341,IT,Energy,176.3,0.116,7,267,755,4,0,0.02
C0342,DE,Retail,247.08,0.362,3,14,454,18,0,2.98
C0343,IT,Finance,146.48,0.377,7,363,679,32,0,0.03
C0344,ES,Finance,136.08,0.336,5,225,570,28,0,0.29
C0345,BE,Construction,193.38,0.531,8,149,450,8,0,0.87
C0346,DE,Construction,47.25,0.305,12,19,594,6,0,0.11
C0347,BE,Energy,253.14,0.119,6,155,390,18,0,0.21
C0348,BE,Energy,181.2,0.226,11,205,828,34,0,0.03
C0349,FR,Energy,186.38,0.089,10,419,390,37,0,0.01
C0350,FR,Retail,355.14,0.174,6,325,465,19,0,0.7
C0351,ES,Retail,46.2,0.476,6,212,421,21,1,3.87
C0352,FR,Tech,45.53,0.346,9,67,586,22,0,0.04
C0353,DE,Energy,219.57,0.12,12,141,669,20,0,0.01
C0354,ES,Retail,180.37,0.594,10,458,826,26,0,0.08
C0355,BE,Retail,204.2,0.099,3,68,513,11,0,0.17
C0356,BE,Finance,131.17,0.269,9,317,410,22,0,0.2
C0357,FR,Tech,288.6,0.404,8,260,311,24,0,3.06
C0358,BE,Energy,348.22,0.414,8,112,628,22,0,0.32
C0359,FR,Energy,254.37,0.106,13,437,838,39,0,0.0
C0360,IT,Construction,151.02,0.128,5,200,334,30,0,1.6
C0361,BE,Construction,41.46,0.171,8,332,847,29,1,18.37
C0362,BE,Tech,310.59,0.19,6,52,444,32,0,0.75
C0363,DE,Finance,426.33,0.398,10,483,799,21,0,0.04
C0364,BE,Tech,284.63,0.157,11,15,338,12,0,0.2
C0365,FR,Finance,97.93,0.223,6,158,790,21,0,0.01
C0366,ES,Energy,290.52,0.13,6,458,481,36,0,0.91
C0367,ES,Retail,331.08,0.308,10,320,451,35,0,0.3
C0368,DE,Construction,539.79,0.213,2,339,413,14,1,33.7
C0369,FR,Retail,98.17,0.221,10,160,373,19,0,0.53
C0370,IT,Construction,154.7,0.507,8,390,739,11,0,0.55
C0371,DE,Retail,305.85,0.049,7,466,338,1,0,0.2
C0372,IT,Tech,188.71,0.117,8,312,554,13,0,0.27
C0373,ES,Construction,82.92,0.287,8,113,821,4,0,0.06
C0374,DE,Finance,242.31,0.155,10,453,522,14,0,0.25
C0375,BE,Energy,271.8,0.207,8,7,754,3,0,0.13
C0376,FR,Retail,192.78,0.316,8,448,680,13,0,0.09
C0377,IT,Tech,211.39,0.38,12,9,737,28,0,0.09
C0378,IT,Finance,151.25,0.202,7,33,820,33,0,0.0
C0379,DE,Construction,510.2,0.345,16,25,353,35,0,4.21
C0380,DE,Retail,96.5,0.163,9,98,465,22,0,0.03
C0381,FR,Tech,120.17,0.237,13,365,476,22,0,0.07
C0382,BE,Tech,182.67,0.261,8,200,336,38,0,0.92
C0383,BE,Retail,335.38,0.302,9,44,358,22,0,3.98
C0384,DE,Finance,63.55,0.235,5,173,360,4,0,0.08
C0385,FR,Construction,72.44,0.038,10,498,822,37,0,0.01
C0386,FR,Retail,43.54,0.346,8,265,771,24,0,0.01
C0387,FR,Construction,185.47,0.626,6,365,623,26,1,34.11
C0388,BE,Energy,82.86,0.374,4,136,765,4,0,0.01
C0389,BE,Retail,138.49,0.11,9,262,489,19,0,0.11
C0390,FR,Energy,288.0,0.446,13,399,561,18,0,3.11
C0391,IT,Retail,115.69,0.35,7,338,785,32,0,0.01
C0392,FR,Tech,213.13,0.41,5,8,381,15,0,0.15
C0393,DE,Finance,147.0,0.185,8,305,380,14,0,0.29
C0394,ES,Construction,290.17,0.494,11,396,589,27,0,0.95
C0395,IT,Retail,252.8,0.29,7,71,438,1,0,0.22
C0396,BE,Finance,111.68,0.341,9,199,667,30,0,0.02
C0397,FR,Energy,161.09,0.13,7,324,649,1,0,0.04
C0398,FR,Finance,376.39,0.208,5,7,482,10,0,0.54
C0399,DE,Construction,238.74,0.498,4,356,363,20,1,50.68
C0400,DE,Tech,68.18,0.486,11,424,345,8,0,0.42
C0401,BE,Energy,286.84,0.32,2,265,543,2,0,2.14
C0402,IT,Energy,84.84,0.266,7,226,477,17,1,12.17
C0403,DE,Construction,487.24,0.002,9,50,318,28,0,0.84
C0404,BE,Tech,371.25,0.145,8,363,679,10,0,0.02
C0405,ES,Tech,222.05,0.223,9,471,826,11,0,0.09
C0406,ES,Tech,202.36,0.169,8,439,838,27,0,0.01
C0407,ES,Tech,156.6,0.2,6,277,364,37,0,0.18
C0408,FR,Retail,291.48,0.183,8,21,404,21,0,0.03
C0409,BE,Retail,139.83,0.064,10,146,537,22,0,0.02
C0410,FR,Finance,213.77,0.529,5,134,803,33,0,0.1
C0411,FR,Retail,333.74,0.243,7,8,616,3,0,0.16
C0412,DE,Finance,122.33,0.175,11,63,551,39,0,0.15
C0413,DE,Retail,117.76,0.224,12,289,809,19,0,0.02
C0414,FR,Construction,78.57,0.193,4,53,664,15,0,0.05
C0415,FR,Tech,86.04,0.101,10,24,841,25,0,0.0
C0416,IT,Energy,50.41,0.093,4,473,775,36,0,0.01
C0417,BE,Tech,302.14,0.101,12,304,849,37,0,0.01
C0418,FR,Energy,643.06,0.193,9,403,606,31,0,0.27
C0419,DE,Energy,491.63,0.252,9,128,505,19,0,1.08
C0420,ES,Energy,58.08,0.244,8,185,333,6,1,7.41
C0421,BE,Tech,301.09,0.182,6,307,701,8,0,0.07
C0422,IT,Energy,490.52,0.157,7,345,446,33,0,0.89
C0423,IT,Finance,131.66,0.177,6,187,306,5,0,2.57
C0424,ES,Energy,194.61,0.201,12,460,741,19,0,0.08
C0425,ES,Tech,44.45,0.162,9,353,533,16,0,0.09
C0426,FR,Retail,218.48,0.204,8,114,604,28,0,0.05
C0427,BE,Tech,86.1,0.377,5,53,731,14,0,0.01
C0428,BE,Retail,208.46,0.273,3,12,480,28,0,0.09
C0429,FR,Retail,60.77,0.319,14,423,749,20,0,0.02
C0430,IT,Finance,265.07,0.159,6,412,620,35,0,0.04
C0431,FR,Retail,371.36,0.321,8,242,612,8,0,0.68
C0432,IT,Energy,104.77,0.431,7,362,447,30,1,13.13
C0433,BE,Finance,81.79,0.579,8,442,733,29,0,0.08
C0434,FR,Finance,40.08,0.285,11,84,432,33,0,0.02
C0435,ES,Retail,150.43,0.16,5,490,640,20,0,0.04
C0436,FR,Retail,120.65,0.316,9,247,755,13,0,0.04
C0437,ES,Tech,61.21,0.272,2,221,364,21,0,0.28
C0438,BE,Energy,248.92,0.626,11,84,520,38,1,13.69
C0439,FR,Finance,132.29,0.331,8,337,672,8,0,0.04
C0440,DE,Tech,85.37,0.128,6,303,450,26,0,0.05
C0441,BE,Retail,122.95,0.502,5,19,315,9,1,32.55
C0442,DE,Tech,383.72,0.365,11,325,525,31,0,1.27
C0443,FR,Finance,276.46,0.009,4,74,573,17,0,0.02
C0444,ES,Retail,165.5,0.334,8,141,806,34,0,0.02
C0445,ES,Tech,279.6,0.329,6,307,743,7,0,0.04
C0446,IT,Retail,80.43,0.629,6,391,399,5,0,0.95
C0447,DE,Retail,185.43,0.113,7,71,452,38,0,0.05
C0448,BE,Finance,200.96,0.232,5,239,401,14,0,0.43
C0449,ES,Retail,130.47,0.181,11,146,800,4,0,0.01
C0450,DE,Tech,245.87,0.087,11,354,494,33,0,0.29
C0451,BE,Finance,104.97,0.199,10,414,790,17,0,0.01
C0452,BE,Construction,259.01,0.4,6,321,333,36,0,4.15
C0453,ES,Retail,266.75,0.263,7,398,607,18,0,0.1
C0454,FR,Energy,23.52,0.57,6,228,341,30,1,10.41
C0455,ES,Finance,417.05,0.07,7,300,605,23,0,0.07
C0456,ES,Energy,21.47,0.462,12,149,306,19,0,0.18
C0457,FR,Energy,117.77,0.538,3,494,385,19,0,0.97
C0458,IT,Energy,371.57,0.179,10,106,380,10,0,1.3
C0459,BE,Construction,145.17,0.507,12,460,689,29,0,1.11
C0460,FR,Retail,64.95,0.218,4,374,652,21,0,0.0
C0461,IT,Finance,84.3,0.339,6,493,607,1,0,0.23
C0462,FR,Finance,371.98,0.442,7,322,408,16,0,0.71
C0463,IT,Retail,47.23,0.327,6,179,446,16,0,0.26
C0464,ES,Finance,399.53,0.099,5,144,507,35,0,0.46
C0465,FR,Finance,174.41,0.177,3,93,838,17,0,0.0
C0466,BE,Construction,78.67,0.245,13,483,688,23,0,0.06
C0467,FR,Tech,120.52,0.475,3,57,317,4,0,2.63
C0468,ES,Energy,88.94,0.116,7,406,317,16,0,0.23
C0469,FR,Finance,332.41,0.431,9,350,491,12,1,101.32
C0470,BE,Retail,302.69,0.625,5,67,414,20,0,2.46
C0471,IT,Finance,54.41,0.239,9,458,523,36,0,0.04
C0472,BE,Finance,136.66,0.023,7,85,847,37,0,0.0
C0473,ES,Construction,99.06,0.481,6,84,407,12,0,0.25
C0474,ES,Tech,448.3,0.189,8,274,628,24,0,0.06
C0475,IT,Energy,70.45,0.181,14,56,565,38,0,0.02
C0476,IT,Retail,557.22,0.586,5,55,662,9,0,1.04
C0477,BE,Finance,177.1,0.1,7,313,600,18,0,0.19
C0478,FR,Tech,80.37,0.051,9,482,583,20,0,0.0
C0479,IT,Retail,112.83,0.207,5,31,451,1,0,0.07
C0480,FR,Construction,103.43,0.712,6,320,831,19,0,0.07
C0481,DE,Construction,74.27,0.143,9,302,447,5,0,0.18
C0482,BE,Construction,193.71,0.351,7,37,379,13,0,0.6
C0483,DE,Retail,76.74,0.236,10,79,352,5,0,0.57
C0484,IT,Construction,39.4,0.308,6,224,337,29,0,0.24
C0485,ES,Construction,138.97,0.196,8,348,494,33,0,0.07
C0486,DE,Construction,51.32,0.167,8,114,748,11,0,0.05
C0487,DE,Finance,107.07,0.326,7,219,385,2,0,1.64
C0488,ES,Tech,95.93,0.135,9,247,302,20,0,0.1
C0489,IT,Tech,98.51,0.443,7,357,591,5,0,0.12
C0490,IT,Finance,735.59,0.135,8,127,608,18,0,0.44
C0491,BE,Energy,188.57,0.67,9,346,609,22,1,48.2
C0492,BE,Energy,215.24,0.341,14,416,300,19,0,5.16
C0493,IT,Tech,52.28,0.463,8,293,411,21,0,0.07
C0494,IT,Construction,114.69,0.3,7,361,491,23,0,0.28
C0495,DE,Construction,210.76,0.222,5,87,706,7,0,0.19
C0496,ES,Retail,88.48,0.188,8,453,657,27,0,0.04
C0497,FR,Energy,342.29,0.332,11,154,748,27,0,0.04
C0498,DE,Finance,78.11,0.238,5,102,601,6,0,0.07
C0499,BE,Tech,148.35,0.475,6,276,521,17,0,0.63
C0500,ES,Tech,120.27,0.444,8,195,607,12,0,0.16
C0501,FR,Finance,203.37,0.425,8,233,511,16,0,1.14
C0502,IT,Retail,115.78,0.433,14,403,386,31,0,0.06
C0503,BE,Tech,149.96,0.372,4,270,616,24,0,0.29
C0504,BE,Energy,153.65,0.23,5,190,462,36,0,0.41
C0505,DE,Construction,108.41,0.168,4,401,445,23,0,0.04
C0506,ES,Retail,254.57,0.188,5,192,690,2,0,0.07
C0507,ES,Energy,214.19,0.372,5,479,336,28,0,3.13
C0508,DE,Retail,170.37,0.116,8,493,312,3,0,0.06
C0509,DE,Construction,134.11,0.377,7,237,495,14,0,1.3
C0510,DE,Construction,316.58,0.091,10,386,627,37,0,0.08
C0511,BE,Energy,153.69,0.366,15,355,761,39,0,0.01
C0512,IT,Tech,146.25,0.295,9,431,584,6,0,0.16
C0513,BE,Retail,195.06,0.15,9,233,442,39,0,0.07
C0514,BE,Finance,594.43,0.092,11,206,489,39,0,0.06
C0515,BE,Construction,70.93,0.564,7,141,508,35,0,0.35
C0516,FR,Tech,310.72,0.304,7,295,484,33,0,0.06
C0517,BE,Energy,48.17,0.137,8,309,667,3,0,0.02
C0518,FR,Construction,211.05,0.56,6,228,739,5,0,0.63
C0519,ES,Construction,545.97,0.467,13,158,689,24,0,0.37
C0520,ES,Energy,255.21,0.394,4,227,510,4,0,2.82
C0521,DE,Tech,204.27,0.111,13,253,458,10,0,0.09
C0522,FR,Construction,122.45,0.161,8,68,343,39,1,19.37
C0523,FR,Construction,185.25,0.03,10,331,738,36,0,0.02
C0524,BE,Energy,151.95,0.126,10,421,829,10,0,0.02
C0525,DE,Retail,104.57,0.233,11,164,330,22,0,0.25
C0526,DE,Energy,147.98,0.294,10,198,371,22,0,0.31
C0527,BE,Construction,208.28,0.391,8,50,417,11,1,61.24
C0528,FR,Finance,105.95,0.147,4,293,738,10,0,0.0
C0529,BE,Energy,103.09,0.044,12,216,418,18,0,0.17
C0530,BE,Tech,69.95,0.1,14,429,307,24,0,0.27
C0531,ES,Energy,238.29,0.405,5,454,484,32,0,2.3
C0532,FR,Retail,265.53,0.515,13,387,500,33,0,0.33
C0533,FR,Retail,213.19,0.22,10,108,517,1,0,0.27
C0534,DE,Construction,356.25,0.241,13,103,583,26,0,0.08
C0535,ES,Finance,192.77,0.473,4,245,433,25,1,70.83
C0536,FR,Finance,238.51,0.246,7,311,316,2,0,2.24
C0537,ES,Energy,224.23,0.192,14,20,359,33,0,0.25
C0538,FR,Retail,170.02,0.418,10,250,703,24,0,0.04
C0539,ES,Finance,125.01,0.429,13,47,662,29,0,0.11
C0540,FR,Energy,853.98,0.234,11,133,443,26,0,0.63
C0541,IT,Tech,132.11,0.421,7,182,817,14,0,0.01
C0542,FR,Finance,113.74,0.153,12,25,597,8,0,0.04
C0543,FR,Construction,245.63,0.259,8,134,738,15,0,0.08
C0544,FR,Construction,216.22,0.31,4,316,735,30,0,0.05
C0545,BE,Tech,67.81,0.134,7,498,465,25,0,0.1
C0546,FR,Finance,397.77,0.159,10,391,625,25,0,0.1
C0547,ES,Energy,169.71,0.193,9,156,626,6,0,0.07
C0548,ES,Energy,83.29,0.371,6,471,550,1,0,0.17
C0549,ES,Construction,416.61,0.5,16,222,649,27,0,1.17
C0550,IT,Construction,280.89,0.5,13,180,484,38,0,0.18
C0551,BE,Retail,74.8,0.44,14,424,353,14,0,0.31
C0552,DE,Tech,628.94,0.178,10,202,324,18,0,0.57
C0553,BE,Tech,287.48,0.615,10,370,545,38,0,0.74
C0554,DE,Finance,179.98,0.03,15,85,802,10,0,0.0
C0555,BE,Construction,551.78,0.424,6,169,417,21,0,0.47
C0556,ES,Tech,202.66,0.355,6,492,625,4,0,0.24
C0557,IT,Construction,177.74,0.076,8,125,390,11,0,0.07
C0558,BE,Construction,114.18,0.223,9,425,647,15,0,0.16
C0559,IT,Tech,272.41,0.298,4,235,401,27,0,0.55
C0560,BE,Energy,253.06,0.1,4,479,542,13,0,0.18
C0561,ES,Finance,183.14,0.265,6,210,744,18,0,0.04
C0562,FR,Energy,104.27,0.118,9,250,504,12,0,0.03
C0563,ES,Retail,198.53,0.306,14,200,813,6,0,0.28
C0564,FR,Construction,172.63,0.329,7,108,325,31,0,1.69
C0565,BE,Energy,71.28,0.068,9,422,346,27,1,15.4
C0566,DE,Energy,64.7,0.261,10,288,392,26,0,0.04
C0567,DE,Construction,269.24,0.38,10,255,434,23,0,1.07
C0568,DE,Finance,29.33,0.034,8,189,534,6,0,0.01
C0569,IT,Tech,209.3,0.351,3,387,802,21,0,0.08
C0570,ES,Energy,129.72,0.392,8,177,432,28,1,52.25
C0571,BE,Retail,452.95,0.588,6,122,496,20,0,1.46
C0572,ES,Construction,128.33,0.333,8,45,324,29,1,13.41
C0573,DE,Energy,287.62,0.121,13,437,693,13,0,0.05
C0574,FR,Tech,137.3,0.307,9,41,600,21,0,0.05
C0575,FR,Construction,196.3,0.322,5,423,324,15,1,34.93
C0576,DE,Energy,303.62,0.431,8,192,555,39,0,1.29
C0577,BE,Energy,131.13,0.527,11,6,420,7,0,0.27
C0578,ES,Energy,364.16,0.295,1,463,531,12,0,0.31
C0579,BE,Tech,90.42,0.247,11,371,456,27,0,0.03
C0580,FR,Retail,222.79,0.292,7,362,731,3,0,0.07
C0581,FR,Finance,345.8,0.226,7,276,331,20,0,1.17
C0582,BE,Retail,287.73,0.326,11,381,629,2,0,0.44
C0583,FR,Tech,693.33,0.116,10,70,736,21,0,0.05
C0584,FR,Construction,106.23,0.417,7,120,300,13,1,27.24
C0585,ES,Retail,69.03,0.354,6,274,797,8,0,0.1
C0586,BE,Construction,90.37,0.305,10,368,719,20,0,0.04
C0587,IT,Construction,287.81,0.126,13,296,453,13,0,0.05
C0588,FR,Construction,256.86,0.107,13,206,565,4,0,0.56
C0589,BE,Tech,194.72,0.474,10,337,674,21,0,0.01
C0590,BE,Retail,82.59,0.589,6,34,584,23,0,0.05
C0591,BE,Finance,310.07,0.341,11,256,716,26,0,0.18
C0592,BE,Tech,76.92,0.639,3,200,789,36,0,0.0
C0593,DE,Finance,408.0,0.446,7,251,496,28,0,0.18
C0594,BE,Retail,1339.71,0.139,12,69,360,32,0,0.31
C0595,DE,Retail,234.28,0.305,5,452,537,26,0,0.28
C0596,BE,Construction,272.65,0.219,10,427,629,27,0,0.05
C0597,ES,Finance,128.38,0.352,15,471,726,31,0,0.03
C0598,IT,Finance,51.05,0.28,5,420,455,26,0,0.05
C0599,IT,Construction,118.88,0.381,7,333,810,20,0,0.05
C0600,IT,Tech,84.35,0.404,11,147,320,29,0,0.3
C0601,IT,Finance,65.83,0.173,12,61,619,38,0,0.03
C0602,IT,Construction,605.26,0.267,9,307,540,20,0,0.61
C0603,IT,Retail,219.42,0.316,9,473,682,9,0,0.18
C0604,FR,Retail,236.46,0.372,5,185,455,16,0,0.43
C0605,BE,Finance,146.01,0.492,7,496,812,1,0,0.02
C0606,ES,Tech,160.61,0.125,14,81,300,12,0,0.35
C0607,DE,Construction,356.09,0.153,9,145,748,35,0,0.1
C0608,ES,Retail,177.22,0.146,4,326,571,4,1,38.31
C0609,BE,Tech,262.82,0.468,7,248,583,35,0,0.7
C0610,BE,Tech,158.03,0.377,7,381,471,22,1,78.29
C0611,BE,Tech,142.66,0.154,9,175,515,13,0,0.08
C0612,ES,Construction,67.71,0.275,15,388,538,19,0,0.22
C0613,IT,Finance,45.4,0.063,8,154,471,35,0,0.01
C0614,DE,Finance,150.94,0.084,6,78,306,5,1,41.89
C0615,IT,Construction,188.58,0.113,8,286,520,23,0,0.08
C0616,IT,Tech,73.68,0.445,6,258,520,11,0,0.01
C0617,DE,Finance,176.95,0.402,14,285,697,22,0,0.03
C0618,DE,Energy,188.22,0.162,6,16,558,31,0,0.18
C0619,FR,Energy,40.08,0.185,4,208,602,36,0,0.01
C0620,FR,Construction,95.53,0.114,4,49,556,10,0,0.09
C0621,ES,Construction,241.07,0.124,9,403,533,26,0,1.22
C0622,ES,Finance,237.68,0.171,11,45,694,17,0,0.03
C0623,FR,Energy,80.84,0.313,4,466,671,20,0,0.03
C0624,ES,Construction,202.54,0.267,4,33,845,7,0,0.04
C0625,IT,Construction,370.81,0.04,10,307,573,34,0,0.17
C0626,DE,Tech,312.3,0.129,6,170,315,7,0,0.81
C0627,DE,Tech,169.58,0.345,2,59,621,2,0,0.02
C0628,DE,Construction,130.64,0.304,12,182,517,30,0,1.33
C0629,ES,Retail,116.68,0.182,10,24,352,16,0,0.58
C0630,DE,Tech,251.51,0.348,6,350,771,3,0,0.01
C0631,IT,Construction,207.8,0.185,8,436,648,27,0,0.18
C0632,DE,Finance,281.63,0.404,6,168,644,12,0,0.11
C0633,ES,Energy,198.8,0.33,9,222,650,39,0,0.03
C0634,DE,Tech,321.54,0.203,8,74,840,39,0,0.01
C0635,FR,Energy,193.68,0.661,5,243,678,22,0,1.02
C0636,IT,Construction,313.97,0.243,6,473,692,19,0,0.07
C0637,DE,Energy,333.48,0.454,10,271,713,18,0,0.04
C0638,DE,Retail,103.22,0.431,6,438,698,24,0,0.01
C0639,IT,Energy,51.13,0.113,14,391,687,36,0,0.02
C0640,BE,Energy,534.03,0.177,11,66,341,25,0,2.99
C0641,IT,Construction,216.95,0.52,8,31,521,4,0,0.69
C0642,BE,Finance,54.59,0.198,7,184,451,8,0,0.02
C0643,BE,Finance,109.98,0.319,9,470,789,25,0,0.0
C0644,ES,Construction,311.16,0.161,13,88,621,15,0,0.09
C0645,IT,Tech,149.04,0.357,4,27,583,19,0,0.07
C0646,DE,Energy,126.67,0.164,8,479,587,16,0,0.52
C0647,ES,Retail,483.29,0.421,16,102,675,24,0,0.33
C0648,ES,Finance,87.09,0.336,6,181,719,9,0,0.02
C0649,BE,Finance,103.68,0.362,9,391,410,3,0,0.05
C0650,BE,Finance,210.18,0.479,9,53,846,10,0,0.06
C0651,ES,Tech,238.25,0.317,12,89,719,27,0,0.15
C0652,IT,Tech,256.58,0.218,10,364,413,24,0,0.74
C0653,DE,Finance,343.05,0.101,7,8,633,32,0,0.06
C0654,BE,Energy,208.31,0.421,8,357,535,5,1,47.56
C0655,ES,Construction,255.33,0.48,8,273,507,6,0,1.11
C0656,ES,Energy,151.19,0.599,7,124,776,6,0,0.69
C0657,IT,Energy,189.41,0.39,8,308,457,22,0,0.32
C0658,IT,Construction,195.44,0.125,7,164,760,23,0,0.01
C0659,FR,Finance,210.73,0.555,8,474,650,7,0,0.25
C0660,DE,Tech,311.31,0.196,8,210,749,18,0,0.01
C0661,FR,Finance,267.36,0.2,6,375,709,3,0,0.04
C0662,IT,Tech,186.97,0.353,7,137,641,24,0,0.01
C0663,FR,Energy,102.88,0.181,9,417,404,23,0,0.26
C0664,DE,Finance,190.07,0.369,9,147,846,2,0,0.02
C0665,ES,Finance,177.75,0.213,9,256,653,4,0,0.16
C0666,IT,Finance,207.52,0.486,10,401,496,28,0,0.04
C0667,ES,Tech,849.43,0.393,11,463,440,36,0,3.55
C0668,BE,Finance,125.63,0.12,5,377,363,34,0,0.03
C0669,BE,Finance,243.62,0.42,6,335,473,23,0,0.42
C0670,FR,Finance,382.96,0.24,3,347,372,21,0,0.6
C0671,BE,Retail,194.14,0.636,7,206,788,32,1,64.08
C0672,IT,Construction,931.22,0.225,10,344,539,33,0,2.62
C0673,IT,Finance,139.12,0.363,8,289,644,36,0,0.03
C0674,FR,Construction,227.43,0.265,5,263,742,16,0,0.06
C0675,IT,Tech,103.63,0.158,10,160,828,19,0,0.01
C0676,IT,Construction,141.73,0.254,6,178,549,4,0,0.08
C0677,ES,Retail,215.78,0.398,6,66,328,7,1,37.21
C0678,FR,Energy,327.8,0.232,5,361,636,15,0,0.79
C0679,ES,Construction,226.64,0.158,5,15,820,32,0,0.03
C0680,BE,Energy,437.63,0.383,9,62,496,18,0,2.97
C0681,IT,Construction,169.61,0.181,6,150,356,23,0,0.79
C0682,FR,Tech,143.66,0.397,13,74,693,34,0,0.09
C0683,BE,Construction,1203.26,0.355,6,376,641,19,0,0.23
C0684,BE,Construction,238.88,0.302,8,67,384,14,0,3.22
C0685,FR,Construction,109.55,0.427,7,230,301,29,0,1.11
C0686,BE,Tech,111.5,0.562,10,367,586,13,0,0.06
C0687,ES,Tech,93.7,0.338,8,296,381,16,0,1.05
C0688,ES,Tech,349.18,0.196,4,297,401,35,0,0.33
C0689,ES,Energy,140.46,0.475,5,175,469,18,0,1.63
C0690,IT,Energy,198.18,0.399,10,227,557,10,0,0.28
C0691,BE,Tech,173.39,0.355,12,384,749,33,0,0.02
C0692,IT,Energy,302.49,0.075,9,240,536,26,0,0.32
C0693,BE,Tech,100.21,0.404,7,351,759,30,0,0.05
C0694,BE,Tech,85.38,0.252,8,414,632,13,0,0.06
C0695,FR,Construction,212.09,0.037,5,126,516,31,0,0.16
C0696,DE,Finance,276.07,0.017,5,65,580,38,0,0.02
C0697,IT,Tech,228.78,0.182,9,234,377,7,0,1.02
C0698,ES,Finance,102.86,0.039,10,194,836,8,0,0.01
C0699,FR,Energy,291.27,0.301,7,79,466,23,0,0.24
C0700,FR,Retail,107.69,0.071,6,381,795,29,0,0.0
C0701,ES,Tech,125.83,0.228,10,313,654,1,1,19.41
C0702,IT,Retail,93.62,0.202,7,330,461,22,0,0.19
C0703,FR,Retail,450.7,0.149,13,356,567,5,0,0.28
C0704,FR,Tech,282.42,0.203,9,220,366,39,0,0.1
C0705,FR,Energy,276.86,0.2,2,257,638,29,0,0.02
C0706,ES,Construction,434.0,0.452,9,116,335,39,0,9.48
C0707,FR,Retail,1298.36,0.606,6,367,651,9,0,1.78
C0708,ES,Finance,54.79,0.494,3,473,408,31,0,0.24
C0709,ES,Tech,108.11,0.109,4,437,370,15,0,0.35
C0710,ES,Retail,117.76,0.43,6,206,422,5,0,0.26
C0711,IT,Construction,99.93,0.487,7,29,349,19,1,16.92
C0712,ES,Construction,85.26,0.056,6,439,788,19,0,0.0
C0713,IT,Construction,146.97,0.186,7,289,814,20,0,0.05
C0714,IT,Retail,77.35,0.405,11,390,808,34,0,0.01
C0715,BE,Retail,229.19,0.166,4,154,695,11,0,0.03
C0716,IT,Tech,187.95,0.477,10,431,426,25,0,2.17
C0717,ES,Energy,253.84,0.352,14,419,717,8,0,0.14
C0718,ES,Finance,258.63,0.372,7,13,717,35,0,0.07
C0719,DE,Tech,276.47,0.529,7,284,430,18,0,1.05
C0720,ES,Retail,139.58,0.456,8,241,759,32,0,0.02
C0721,FR,Finance,800.15,0.106,7,330,848,11,0,0.01
C0722,BE,Retail,213.6,0.172,6,133,507,13,0,0.33
C0723,BE,Retail,49.22,0.316,11,53,623,39,0,0.0
C0724,FR,Energy,89.87,0.162,14,140,779,8,0,0.03
C0725,IT,Energy,53.61,0.351,8,265,444,22,0,0.23
C0726,FR,Construction,183.49,0.35,9,138,843,13,0,0.04
C0727,IT,Finance,166.46,0.109,7,234,466,16,0,0.23
C0728,FR,Finance,130.6,0.317,4,197,832,28,0,0.02
C0729,ES,Tech,740.74,0.149,4,348,428,31,0,0.83
C0730,IT,Finance,266.21,0.197,6,208,708,19,0,0.01
C0731,IT,Construction,301.35,0.316,6,76,588,25,0,0.13
C0732,ES,Retail,94.47,0.441,10,318,504,2,0,0.46
C0733,BE,Finance,90.07,0.121,9,110,541,10,0,0.16
C0734,IT,Retail,186.0,0.441,9,153,424,29,0,0.46
C0735,DE,Energy,204.61,0.345,11,354,669,26,0,0.04
C0736,IT,Construction,49.43,0.317,8,140,846,2,0,0.01
C0737,IT,Tech,159.78,0.22,7,35,622,35,0,0.03
C0738,DE,Tech,183.07,0.324,14,183,451,16,1,11.16
C0739,IT,Energy,155.93,0.134,7,197,668,12,0,0.02
C0740,BE,Finance,102.58,0.214,10,344,541,19,0,0.25
C0741,BE,Tech,124.25,0.442,8,355,806,16,0,0.02
C0742,IT,Construction,160.16,0.338,7,5,445,20,1,17.03
C0743,IT,Energy,193.17,0.358,6,379,585,7,1,18.39
C0744,DE,Retail,276.82,0.77,9,374,572,6,0,0.51
C0745,IT,Construction,386.29,0.202,4,90,787,39,0,0.04
C0746,DE,Finance,147.52,0.37,10,172,360,30,0,0.42
C0747,ES,Energy,131.72,0.115,3,384,639,15,0,0.04
C0748,DE,Retail,246.25,0.539,9,290,744,34,0,0.18
C0749,DE,Retail,277.99,0.255,5,173,498,32,0,0.16
C0750,FR,Energy,133.76,0.291,10,381,577,28,0,0.04
C0751,BE,Energy,315.22,0.056,8,317,462,29,0,0.16
C0752,FR,Energy,359.86,0.254,8,257,530,38,0,0.57
C0753,FR,Tech,447.73,0.117,6,8,822,33,0,0.09
C0754,BE,Energy,629.44,0.638,6,325,499,11,0,5.28
C0755,ES,Tech,98.84,0.244,8,94,411,29,0,0.05
C0756,ES,Construction,183.04,0.149,9,460,618,7,0,0.28
C0757,IT,Construction,182.71,0.253,3,98,558,20,0,0.4
C0758,DE,Construction,169.25,0.171,16,19,728,3,0,0.18
C0759,FR,Retail,115.07,0.018,7,191,320,7,0,0.09
C0760,IT,Finance,64.08,0.268,16,178,796,29,0,0.0
C0761,FR,Retail,193.42,0.12,8,179,686,15,0,0.01
C0762,ES,Finance,105.86,0.273,3,463,762,7,0,0.04
C0763,BE,Retail,192.52,0.52,5,140,524,39,0,0.16
C0764,BE,Energy,103.98,0.425,8,419,545,37,0,0.44
C0765,DE,Retail,83.95,0.485,5,85,483,9,0,1.57
C0766,IT,Retail,213.58,0.314,9,310,758,24,0,0.02
C0767,IT,Construction,201.47,0.262,10,69,339,12,0,0.63
C0768,ES,Construction,271.92,0.088,8,118,590,32,0,0.17
C0769,FR,Retail,837.23,0.357,8,78,442,27,0,0.44
C0770,DE,Finance,220.1,0.515,9,168,650,17,0,0.12
C0771,IT,Tech,254.57,0.294,6,232,830,37,0,0.02
C0772,BE,Tech,85.26,0.728,10,429,671,29,0,0.17
C0773,FR,Tech,73.64,0.297,4,379,324,6,1,24.37
C0774,IT,Energy,548.94,0.478,7,350,519,18,0,5.15
C0775,BE,Retail,94.97,0.201,10,247,317,33,0,0.07
C0776,BE,Energy,87.29,0.203,6,146,567,22,0,0.02
C0777,ES,Tech,176.38,0.177,9,151,395,4,0,0.56
C0778,FR,Retail,170.18,0.163,7,70,680,31,0,0.01
C0779,DE,Tech,96.37,0.505,3,334,593,19,0,0.07
C0780,BE,Construction,146.43,0.086,14,391,469,10,0,0.13
C0781,BE,Construction,428.62,0.142,8,276,771,32,0,0.15
C0782,IT,Tech,103.11,0.656,6,290,710,35,0,0.44
C0783,FR,Tech,68.34,0.446,7,189,644,23,0,0.12
C0784,FR,Construction,350.66,0.228,4,481,494,28,0,0.12
C0785,ES,Construction,255.85,0.331,9,444,449,10,1,95.31
C0786,ES,Finance,117.41,0.247,8,206,622,30,0,0.03
C0787,FR,Finance,59.89,0.453,11,378,734,36,0,0.03
C0788,IT,Finance,107.64,0.163,7,177,760,10,0,0.0
C0789,ES,Finance,174.46,0.143,11,66,727,37,0,0.01
C0790,FR,Energy,409.92,0.211,13,148,312,4,0,0.93
C0791,FR,Tech,87.74,0.493,6,418,841,18,0,0.03
C0792,ES,Tech,170.86,0.097,9,243,432,3,0,0.43
C0793,IT,Tech,290.79,0.44,5,433,305,18,1,93.46
C0794,BE,Construction,34.23,0.265,7,164,608,26,0,0.0
C0795,ES,Construction,373.77,0.178,10,232,550,34,0,0.52
C0796,DE,Finance,79.22,0.507,5,41,358,6,0,0.58
C0797,BE,Retail,228.7,0.139,8,391,417,35,0,0.31
C0798,ES,Energy,215.44,0.447,7,159,413,39,0,0.42
C0799,DE,Tech,387.3,0.423,10,50,541,3,0,0.56
C0800,ES,Finance,266.57,0.275,11,113,711,38,0,0.08
C0801,FR,Tech,34.33,0.728,14,334,675,36,0,0.08
C0802,DE,Retail,104.65,0.11,3,408,314,2,0,0.11
C0803,ES,Energy,199.69,0.162,11,477,395,3,0,0.19
C0804,BE,Finance,158.15,0.373,6,121,635,29,0,0.1
C0805,IT,Finance,253.24,0.501,10,297,741,17,0,0.05
C0806,IT,Retail,314.99,0.61,6,232,318,11,0,2.99
C0807,ES,Tech,277.53,0.517,12,359,484,16,0,0.19
C0808,FR,Retail,156.02,0.392,11,338,363,14,0,0.11
C0809,DE,Tech,49.78,0.538,9,39,567,39,0,0.04
C0810,BE,Energy,131.78,0.074,7,78,514,10,0,0.68
C0811,FR,Tech,242.61,0.145,7,297,395,4,0,0.49
C0812,BE,Retail,84.49,0.092,8,267,830,33,0,0.01
C0813,IT,Energy,282.0,0.291,2,443,719,33,0,0.09
C0814,DE,Retail,342.36,0.368,9,424,600,35,0,0.17
C0815,IT,Tech,198.11,0.121,10,33,721,38,0,0.04
C0816,BE,Retail,21.23,0.38,8,294,471,2,0,0.06
C0817,FR,Retail,74.09,0.265,9,206,814,30,0,0.0
C0818,FR,Energy,678.8,0.264,7,243,526,11,0,2.83
C0819,IT,Finance,123.65,0.325,4,37,512,17,0,0.11
C0820,BE,Construction,45.2,0.274,10,420,612,18,0,0.03
C0821,FR,Retail,430.38,0.255,8,86,618,39,0,0.06
C0822,IT,Retail,182.97,0.08,5,473,640,21,0,0.11
C0823,FR,Tech,392.86,0.112,12,466,757,9,0,0.05
C0824,IT,Construction,220.05,0.075,5,411,447,4,0,1.43
C0825,IT,Construction,249.88,0.157,2,63,688,23,0,0.12
C0826,FR,Finance,233.72,0.432,3,207,408,33,0,0.06
C0827,IT,Tech,295.37,0.145,10,16,432,28,0,0.07
C0828,BE,Retail,892.66,0.212,11,307,572,37,0,0.23
C0829,BE,Retail,357.7,0.337,7,432,588,2,0,0.04
C0830,FR,Retail,59.97,0.27,13,265,654,16,0,0.03
C0831,DE,Retail,247.81,0.19,10,16,376,24,0,0.12
C0832,DE,Finance,403.04,0.353,9,155,749,34,0,0.05
C0833,ES,Tech,420.69,0.33,5,89,606,13,0,0.33
C0834,FR,Finance,134.47,0.442,8,220,626,27,0,0.2
C0835,BE,Energy,409.71,0.177,7,189,710,9,0,0.04
C0836,IT,Energy,347.03,0.192,10,415,680,24,0,0.29
C0837,BE,Energy,1097.47,0.268,13,114,535,31,0,1.62
C0838,FR,Finance,107.23,0.162,9,153,566,32,0,0.05
C0839,FR,Retail,127.08,0.033,9,122,428,18,0,0.03
C0840,BE,Retail,146.31,0.342,10,445,611,19,0,0.01
C0841,DE,Energy,128.62,0.531,3,150,411,35,1,50.27
C0842,IT,Tech,97.22,0.244,6,495,649,22,0,0.01
C0843,BE,Energy,26.21,0.254,11,334,529,14,0,0.03
C0844,FR,Construction,133.71,0.173,10,156,429,11,0,0.04
C0845,FR,Energy,234.76,0.509,10,299,561,28,0,0.12
C0846,FR,Tech,128.35,0.056,7,65,813,28,0,0.01
C0847,FR,Tech,702.59,0.482,12,452,609,21,0,0.54
C0848,FR,Construction,182.98,0.478,6,478,489,7,0,1.48
C0849,BE,Tech,447.52,0.259,9,150,547,7,0,0.12
C0850,IT,Energy,217.67,0.171,8,89,632,10,0,0.02
C0851,BE,Energy,323.27,0.409,6,217,384,1,0,4.42
C0852,BE,Construction,220.41,0.399,6,386,608,19,0,0.66
C0853,BE,Construction,472.55,0.302,7,315,318,17,1,87.9
C0854,DE,Energy,188.51,0.069,7,24,769,16,0,0.01
C0855,DE,Tech,256.54,0.555,10,9,635,37,0,0.12
C0856,BE,Tech,234.26,0.228,5,121,362,10,0,1.04
C0857,DE,Energy,148.15,0.348,9,378,556,32,0,0.12
C0858,FR,Tech,240.68,0.05,10,133,786,8,0,0.01
C0859,IT,Construction,866.16,0.063,15,447,830,24,0,0.04
C0860,BE,Tech,150.01,0.085,10,152,375,34,0,0.41
C0861,BE,Construction,243.14,0.359,6,446,448,33,0,1.03
C0862,BE,Construction,437.22,0.491,8,460,379,24,0,4.71
C0863,FR,Finance,402.69,0.062,7,365,502,9,0,0.12
C0864,IT,Retail,182.77,0.286,7,91,774,15,0,0.0
C0865,BE,Construction,34.18,0.526,8,40,688,17,0,0.14
C0866,IT,Retail,260.26,0.039,7,90,441,33,0,0.04
C0867,BE,Tech,38.34,0.545,6,318,478,15,0,0.32
C0868,BE,Retail,507.23,0.185,5,347,636,33,0,0.22
C0869,ES,Retail,204.1,0.564,8,492,628,38,0,0.44
C0870,FR,Retail,364.95,0.207,5,476,554,5,0,0.39
C0871,ES,Retail,96.4,0.322,6,157,531,37,0,0.22
C0872,DE,Finance,61.14,0.247,10,197,813,23,0,0.0
C0873,FR,Retail,217.57,0.158,6,387,576,24,0,0.13
C0874,FR,Tech,177.06,0.148,4,387,730,12,0,0.02
C0875,IT,Construction,128.5,0.218,8,160,827,14,0,0.02
C0876,ES,Finance,192.34,0.32,10,20,484,22,0,0.05
C0877,ES,Finance,1257.91,0.491,13,52,728,8,0,0.19
C0878,IT,Retail,325.11,0.22,9,412,747,29,0,0.07
C0879,ES,Finance,377.91,0.549,11,177,420,27,0,2.63
C0880,IT,Construction,327.26,0.508,8,363,424,1,0,1.82
C0881,FR,Retail,510.62,0.309,4,401,388,9,1,132.7
C0882,BE,Energy,158.69,0.261,8,448,638,21,0,0.27
C0883,ES,Finance,43.02,0.372,12,248,718,29,0,0.16
C0884,FR,Tech,158.85,0.106,7,320,713,12,0,0.01
C0885,BE,Retail,319.97,0.111,8,101,513,35,0,0.1
C0886,IT,Finance,91.94,0.22,6,470,686,21,0,0.01
C0887,FR,Finance,160.22,0.22,8,442,316,22,0,0.15
C0888,FR,Finance,111.69,0.346,8,197,661,5,0,0.09
C0889,FR,Finance,518.75,0.221,11,186,560,25,0,0.03
C0890,DE,Finance,306.32,0.583,10,367,756,32,0,0.19
C0891,FR,Energy,286.02,0.094,8,209,832,9,0,0.02
C0892,IT,Retail,280.09,0.319,6,364,605,22,0,0.04
C0893,ES,Construction,176.61,0.219,10,49,642,1,0,0.44
C0894,BE,Tech,208.16,0.49,8,137,810,9,0,0.14
C0895,IT,Energy,79.07,0.625,6,391,488,3,1,20.98
C0896,IT,Construction,39.23,0.119,5,460,379,31,0,0.13
C0897,ES,Finance,201.35,0.053,3,17,578,39,0,0.06
C0898,FR,Tech,227.42,0.202,9,390,495,2,0,0.51
C0899,FR,Tech,422.62,0.288,5,39,649,28,0,0.14
C0900,IT,Construction,544.54,0.134,12,433,730,24,0,0.16
C0901,FR,Retail,544.03,0.198,8,130,577,28,0,0.44
C0902,FR,Energy,90.14,0.227,7,184,469,20,0,0.29
C0903,DE,Construction,141.66,0.485,7,359,610,39,0,0.05
C0904,BE,Energy,253.72,0.095,6,421,543,2,0,0.24
C0905,ES,Tech,1066.71,0.159,4,210,402,6,1,554.69
C0906,IT,Finance,510.85,0.174,11,160,725,10,0,0.15
C0907,ES,Tech,396.86,0.301,5,490,482,31,0,0.28
C0908,FR,Construction,138.18,0.469,16,482,596,4,0,0.2
C0909,DE,Energy,97.69,0.252,8,264,799,5,0,0.11
C0910,FR,Retail,314.89,0.193,5,16,403,29,0,0.81
C0911,IT,Energy,83.89,0.09,12,484,534,17,0,0.04
C0912,FR,Retail,153.41,0.292,5,311,396,28,0,0.17
C0913,DE,Finance,167.28,0.195,8,278,540,15,0,0.04
C0914,BE,Construction,552.82,0.146,6,60,465,4,0,0.98
C0915,ES,Tech,141.42,0.192,6,496,803,24,0,0.01
C0916,ES,Energy,32.87,0.15,9,360,466,5,1,5.92
C0917,ES,Construction,258.04,0.134,8,112,637,19,0,0.28
C0918,IT,Tech,111.13,0.164,8,185,375,35,0,0.1
C0919,DE,Tech,186.76,0.192,11,175,550,8,0,0.07
C0920,IT,Energy,170.6,0.166,5,435,759,8,0,0.02
C0921,BE,Tech,149.67,0.412,10,240,669,37,0,0.01
C0922,ES,Construction,315.21,0.242,8,436,455,12,1,21.98
C0923,ES,Retail,61.99,0.096,8,345,834,15,0,0.01
C0924,FR,Finance,126.23,0.125,6,187,741,27,0,0.03
C0925,DE,Tech,292.61,0.14,10,205,521,5,0,0.13
C0926,BE,Energy,117.94,0.861,10,405,835,3,0,0.39
C0927,ES,Retail,58.78,0.191,6,252,403,33,0,0.11
C0928,DE,Tech,289.45,0.262,5,342,482,37,0,0.06
C0929,ES,Construction,397.89,0.051,9,65,811,39,0,0.08
C0930,ES,Tech,175.65,0.201,8,216,833,1,0,0.02
C0931,ES,Retail,45.94,0.527,9,290,752,21,0,0.1
C0932,IT,Energy,297.13,0.168,8,174,405,34,0,0.5
C0933,DE,Retail,56.72,0.516,6,424,420,33,0,0.44
C0934,IT,Tech,225.01,0.126,6,109,656,15,0,0.03
C0935,ES,Energy,97.4,0.248,9,425,330,20,1,23.41
C0936,BE,Energy,80.49,0.264,15,36,845,6,0,0.01
C0937,FR,Construction,133.04,0.154,10,216,817,6,0,0.04
C0938,FR,Construction,159.44,0.275,6,261,744,15,0,0.05
C0939,ES,Finance,115.48,0.403,6,130,832,9,0,0.03
C0940,ES,Retail,273.72,0.416,7,272,426,38,0,2.34
C0941,IT,Tech,132.65,0.561,12,450,784,4,0,0.1
C0942,ES,Retail,360.01,0.237,7,224,441,21,0,0.2
C0943,BE,Retail,220.7,0.434,11,271,366,22,1,60.28
C0944,ES,Tech,111.24,0.173,8,475,444,3,0,0.45
C0945,FR,Energy,98.87,0.598,9,462,726,18,0,0.08
C0946,FR,Finance,57.21,0.124,9,11,818,37,0,0.0
C0947,BE,Construction,222.19,0.377,9,364,636,5,0,0.2
C0948,FR,Construction,141.43,0.206,11,425,434,6,0,0.36
C0949,BE,Construction,34.45,0.155,7,471,630,7,0,0.05
C0950,DE,Retail,124.59,0.108,9,401,580,3,0,0.05
C0951,FR,Finance,96.47,0.433,7,45,584,35,0,0.19
C0952,DE,Finance,546.19,0.111,8,380,492,2,0,0.17
C0953,IT,Retail,55.04,0.467,4,423,376,11,0,0.38
C0954,ES,Energy,66.09,0.399,10,264,498,33,0,0.81
C0955,IT,Finance,394.25,0.257,12,15,789,39,0,0.07
C0956,IT,Energy,468.59,0.585,10,99,524,6,1,148.16
C0957,ES,Finance,107.61,0.407,7,141,311,15,0,1.26
C0958,IT,Finance,116.46,0.059,10,432,489,7,0,0.07
C0959,BE,Energy,279.04,0.311,7,67,553,8,0,0.08
C0960,ES,Retail,35.55,0.382,6,373,629,37,0,0.03
C0961,FR,Tech,49.26,0.203,11,93,652,14,0,0.01
C0962,ES,Tech,148.93,0.266,5,417,534,24,1,37.3
C0963,BE,Energy,536.42,0.346,3,10,378,7,0,2.2
C0964,DE,Energy,133.62,0.249,9,121,542,12,0,0.03
C0965,BE,Energy,194.54,0.176,10,55,301,15,1,55.23
C0966,ES,Retail,400.88,0.113,13,279,578,23,0,0.17
C0967,IT,Tech,792.2,0.567,12,391,544,36,1,186.34
C0968,DE,Construction,121.05,0.224,8,210,495,10,0,0.14
C0969,BE,Retail,179.15,0.361,5,269,664,26,0,0.04
C0970,FR,Tech,649.0,0.206,12,321,715,20,0,0.31
C0971,DE,Finance,62.46,0.444,11,230,445,32,0,0.09
C0972,ES,Retail,372.15,0.24,13,377,576,14,0,0.35
C0973,ES,Energy,88.87,0.485,4,145,580,17,1,25.08
C0974,ES,Tech,194.75,0.301,7,90,580,25,0,0.18
C0975,FR,Retail,152.96,0.056,9,97,521,18,0,0.17
C0976,DE,Energy,92.7,0.157,7,91,415,30,0,0.24
C0977,FR,Energy,91.09,0.273,12,23,394,1,0,1.22
C0978,ES,Retail,219.97,0.263,4,26,316,14,1,34.01
C0979,DE,Retail,363.9,0.455,9,31,328,7,0,7.92
C0980,ES,Retail,165.54,0.436,7,82,745,6,0,0.02
C0981,ES,Construction,190.39,0.304,7,318,338,3,1,63.74
C0982,IT,Finance,270.38,0.196,12,123,770,14,0,0.05
C0983,ES,Retail,91.82,0.084,13,294,793,9,0,0.01
C0984,IT,Tech,304.23,0.149,7,40,432,30,1,39.42
C0985,ES,Tech,321.67,0.169,9,401,543,20,0,0.06
C0986,IT,Tech,1121.63,0.194,9,181,498,31,0,0.15
C0987,IT,Tech,139.31,0.224,8,223,516,35,0,0.22
C0988,DE,Retail,131.54,0.122,5,339,496,31,0,0.01
C0989,DE,Energy,310.53,0.293,8,498,488,17,0,0.29
C0990,IT,Tech,321.62,0.072,11,397,676,39,0,0.02
C0991,DE,Tech,124.64,0.132,12,203,526,16,0,0.02
C0992,ES,Tech,136.7,0.236,10,176,402,33,0,0.05
C0993,FR,Finance,264.75,0.126,10,172,508,7,0,0.14
C0994,ES,Construction,101.56,0.081,8,46,838,38,0,0.01
C0995,ES,Energy,136.0,0.568,6,172,843,12,0,0.02
C0996,IT,Tech,193.0,0.316,4,380,334,25,0,0.37
C0997,ES,Finance,364.0,0.173,4,141,616,14,0,0.06
C0998,DE,Finance,118.72,0.405,10,198,835,9,0,0.02
C0999,BE,Retail,49.92,0.415,3,39,406,13,0,0.02
C1000,ES,Finance,47.39,0.263,10,129,337,24,0,0.14
C1001,BE,Construction,75.07,0.427,7,39,416,5,1,34.33
C1002,IT,Retail,72.3,0.14,8,237,474,8,0,0.08
C1003,ES,Construction,162.68,0.264,11,152,814,36,0,0.05
C1004,BE,Retail,78.87,0.432,6,485,437,4,0,1.02
C1005,FR,Retail,110.84,0.195,7,296,482,29,0,0.1
C1006,BE,Retail,105.44,0.557,9,189,442,12,1,24.3
C1007,BE,Energy,133.17,0.189,8,271,515,13,0,0.02
C1008,ES,Construction,457.49,0.208,9,479,847,15,0,0.55
C1009,IT,Energy,288.12,0.174,3,94,346,15,0,1.19
C1010,ES,Retail,183.33,0.212,7,130,552,28,0,0.15
C1011,DE,Retail,131.27,0.109,7,274,637,32,0,0.01
C1012,IT,Finance,133.85,0.303,10,57,365,15,0,0.5
C1013,DE,Finance,228.02,0.369,9,262,324,7,0,3.71
C1014,DE,Construction,272.85,0.194,2,82,840,1,0,0.03
C1015,ES,Retail,96.03,0.584,5,432,448,29,0,0.76
C1016,BE,Finance,185.96,0.344,6,388,433,36,0,0.06
C1017,DE,Construction,43.72,0.042,7,29,491,2,0,0.39
C1018,ES,Energy,210.23,0.249,7,271,339,23,0,0.87
C1019,FR,Retail,309.05,0.561,8,108,380,9,0,2.89
C1020,FR,Finance,149.0,0.148,8,293,313,9,0,0.13
C1021,FR,Energy,646.5,0.061,9,274,594,33,0,0.07
C1022,FR,Retail,97.82,0.541,5,484,554,10,0,0.7
C1023,BE,Tech,211.07,0.28,8,92,450,12,0,0.49
C1024,BE,Energy,176.78,0.332,10,254,805,5,0,0.33
C1025,BE,Retail,168.98,0.067,6,482,467,36,0,0.07
C1026,FR,Tech,167.33,0.338,10,62,309,36,0,0.89
C1027,FR,Energy,195.39,0.193,9,130,354,36,0,0.34
C1028,DE,Finance,328.18,0.242,12,360,698,9,0,0.07
C1029,ES,Retail,475.52,0.576,9,58,593,8,0,0.39
C1030,DE,Energy,180.99,0.19,5,107,443,37,0,0.13
C1031,ES,Finance,320.77,0.333,11,478,436,24,0,0.22
C1032,FR,Finance,110.91,0.312,12,292,420,11,0,0.24
C1033,IT,Finance,309.87,0.46,7,32,532,2,0,1.14
C1034,DE,Retail,106.34,0.118,8,427,687,32,0,0.01
C1035,FR,Finance,388.95,0.225,12,264,650,32,0,0.03
C1036,IT,Finance,851.88,0.061,10,241,711,1,0,0.26
C1037,BE,Tech,166.42,0.215,5,496,322,19,0,1.12
C1038,FR,Energy,39.06,0.259,10,160,607,19,0,0.16
C1039,ES,Energy,123.51,0.303,6,192,720,19,0,0.06
C1040,BE,Energy,429.37,0.207,2,289,411,15,0,0.21
C1041,IT,Tech,266.97,0.257,5,124,620,13,0,0.41
C1042,BE,Finance,215.78,0.436,6,67,303,14,1,11.31
C1043,ES,Finance,367.26,0.176,12,73,800,36,0,0.01
C1044,DE,Tech,254.45,0.086,6,157,705,39,0,0.01
C1045,IT,Finance,425.14,0.156,7,44,642,5,0,0.23
C1046,FR,Tech,345.02,0.303,10,254,629,29,0,0.09
C1047,DE,Construction,525.94,0.162,8,496,668,23,0,0.08
C1048,IT,Energy,233.03,0.273,10,130,532,10,0,0.82
C1049,IT,Energy,341.61,0.215,13,25,831,8,0,0.14
C1050,FR,Retail,146.21,0.451,7,24,417,30,0,1.16
C1051,ES,Construction,118.98,0.266,5,87,745,15,0,0.08
C1052,DE,Tech,598.69,0.364,9,294,719,6,0,0.59
C1053,ES,Tech,210.89,0.537,10,237,760,38,0,0.11
C1054,BE,Retail,318.43,0.118,7,203,338,37,0,0.2
C1055,FR,Finance,197.67,0.241,10,378,544,17,0,0.29
C1056,BE,Retail,120.23,0.29,6,198,653,17,0,0.16
C1057,ES,Construction,182.67,0.288,4,309,640,17,0,0.16
C1058,IT,Finance,495.32,0.275,8,498,678,8,0,0.68
C1059,ES,Retail,267.38,0.081,6,88,648,5,0,0.12
C1060,DE,Energy,54.71,0.176,5,60,422,11,0,0.1
C1061,IT,Energy,155.92,0.368,11,112,755,16,0,0.06
C1062,IT,Tech,631.19,0.112,3,81,565,7,0,0.51
C1063,FR,Construction,156.08,0.395,5,415,833,2,0,0.05
C1064,IT,Energy,51.4,0.356,8,438,586,37,0,0.02
C1065,IT,Energy,682.07,0.2,6,282,595,35,0,0.23
C1066,DE,Energy,292.27,0.27,5,69,625,12,0,0.08
C1067,BE,Finance,172.6,0.235,12,426,779,24,0,0.01
C1068,IT,Construction,139.77,0.3,13,459,795,6,0,0.04
C1069,DE,Tech,386.7,0.109,6,206,621,37,0,0.08
C1070,FR,Finance,124.04,0.297,8,337,600,32,0,0.1
C1071,IT,Finance,404.96,0.373,14,306,329,7,1,81.1
C1072,DE,Finance,264.95,0.293,5,266,337,9,0,1.01
C1073,IT,Construction,215.14,0.228,5,179,705,13,0,0.04
C1074,ES,Tech,200.71,0.276,9,142,489,4,0,0.83
C1075,ES,Construction,160.38,0.246,11,141,540,14,0,1.12
C1076,FR,Tech,376.89,0.493,7,182,645,27,0,0.17
C1077,IT,Tech,98.91,0.27,7,381,422,29,0,0.21
C1078,FR,Energy,58.24,0.273,5,413,483,1,0,0.24
C1079,ES,Finance,278.69,0.4,10,61,323,14,0,1.5
C1080,BE,Energy,281.99,0.151,9,33,722,33,0,0.06
C1081,BE,Tech,253.7,0.195,10,241,579,34,0,0.02
C1082,BE,Energy,241.15,0.218,6,385,404,22,0,0.9
C1083,BE,Tech,144.84,0.528,9,282,627,29,0,0.25
C1084,ES,Construction,314.58,0.296,4,414,378,10,0,5.53
C1085,DE,Tech,175.58,0.221,6,358,729,34,0,0.09
C1086,BE,Energy,128.9,0.186,0,354,427,19,0,0.27
C1087,BE,Tech,145.72,0.189,7,271,448,27,0,0.03
C1088,BE,Tech,745.79,0.127,8,31,781,11,0,0.16
C1089,IT,Finance,53.81,0.291,9,93,708,7,0,0.01
C1090,FR,Tech,257.2,0.263,8,372,674,21,0,0.01
C1091,ES,Retail,55.96,0.081,8,157,631,21,0,0.01
C1092,ES,Tech,168.05,0.527,12,362,586,23,0,1.32
C1093,BE,Energy,133.82,0.226,9,172,405,32,0,0.33
C1094,DE,Retail,42.12,0.412,2,11,465,31,0,0.15
C1095,DE,Tech,238.01,0.193,11,339,829,12,0,0.03
C1096,FR,Retail,138.93,0.36,8,446,805,19,0,0.02
C1097,BE,Energy,41.7,0.056,7,225,699,4,0,0.01
C1098,IT,Construction,326.26,0.369,8,70,788,31,0,0.06
C1099,FR,Finance,494.97,0.386,6,210,742,6,0,0.05
C1100,ES,Tech,514.44,0.165,5,480,519,3,0,0.32
C1101,ES,Finance,233.05,0.132,8,162,693,21,0,0.08
C1102,ES,Tech,187.21,0.236,6,40,713,36,0,0.04
C1103,BE,Construction,459.3,0.303,4,385,376,15,0,3.46
C1104,FR,Energy,588.55,0.191,11,122,802,8,0,0.09
C1105,DE,Construction,400.81,0.053,13,23,571,8,0,0.1
C1106,FR,Construction,93.78,0.181,10,346,472,33,0,0.28
C1107,DE,Energy,208.71,0.223,13,172,560,26,0,0.16
C1108,BE,Tech,246.57,0.259,14,72,480,20,0,0.09
C1109,BE,Energy,51.07,0.32,11,31,482,37,0,0.14
C1110,FR,Finance,251.78,0.4,6,96,600,5,0,0.54
C1111,IT,Finance,889.89,0.607,9,79,848,25,0,0.04
C1112,DE,Finance,283.71,0.276,7,10,524,15,0,0.34
C1113,FR,Retail,508.46,0.403,10,188,418,10,1,113.34
C1114,DE,Energy,206.03,0.129,7,414,718,36,0,0.0
C1115,FR,Retail,172.22,0.105,6,200,462,38,0,0.11
C1116,ES,Construction,236.72,0.47,8,23,595,33,0,0.72
C1117,BE,Finance,102.4,0.148,5,441,439,6,0,0.07
C1118,ES,Retail,92.33,0.387,4,318,416,29,0,0.41
C1119,IT,Construction,439.84,0.027,7,482,438,14,0,0.55
C1120,ES,Finance,473.73,0.492,6,293,496,15,0,3.07
C1121,FR,Finance,90.58,0.075,5,241,825,8,0,0.0
C1122,FR,Tech,356.95,0.451,13,258,669,23,0,0.11
C1123,DE,Retail,170.57,0.228,9,8,682,34,0,0.02
C1124,DE,Finance,229.95,0.378,6,190,329,10,0,0.97
C1125,BE,Finance,250.17,0.269,14,223,305,21,0,1.5
C1126,BE,Energy,363.6,0.294,8,153,488,26,0,1.14
C1127,BE,Finance,192.08,0.194,4,419,788,25,0,0.01
C1128,IT,Retail,486.44,0.36,7,478,308,11,0,11.69
C1129,ES,Construction,225.11,0.577,15,241,721,2,0,0.25
C1130,IT,Retail,280.6,0.397,8,393,751,33,0,0.13
C1131,ES,Finance,101.16,0.174,7,115,452,24,0,0.23
C1132,IT,Construction,821.44,0.376,14,461,364,28,0,7.04
C1133,IT,Finance,251.86,0.131,12,353,384,21,0,0.74
C1134,IT,Energy,298.6,0.135,11,368,342,16,0,0.96
C1135,IT,Retail,58.81,0.232,3,299,764,10,0,0.02
C1136,FR,Retail,101.91,0.221,9,415,732,26,0,0.02
C1137,IT,Tech,431.18,0.254,10,269,670,33,0,0.02
C1138,DE,Construction,221.59,0.3,7,482,349,13,0,2.62
C1139,IT,Retail,47.48,0.407,8,332,822,1,0,0.0
C1140,ES,Finance,374.95,0.276,11,229,676,7,0,0.18
C1141,BE,Tech,123.88,0.44,9,108,755,23,0,0.03
C1142,DE,Energy,486.83,0.596,12,453,508,10,1,194.43
C1143,BE,Tech,170.46,0.445,2,32,408,32,0,0.26
C1144,BE,Energy,209.2,0.333,8,26,751,11,0,0.09
C1145,DE,Energy,413.75,0.256,11,20,328,20,0,4.28
C1146,ES,Retail,96.71,0.527,8,58,400,9,0,0.93
C1147,ES,Energy,90.47,0.272,5,127,384,18,0,0.11
C1148,IT,Construction,157.98,0.349,5,247,346,27,0,0.53
C1149,IT,Finance,323.44,0.449,2,141,603,32,0,0.33
C1150,BE,Tech,71.41,0.202,12,229,425,29,0,0.22
C1151,DE,Finance,56.39,0.071,6,226,831,20,0,0.0
C1152,ES,Finance,322.66,0.287,6,221,812,18,0,0.06
C1153,ES,Finance,118.86,0.353,7,34,392,13,0,0.32
C1154,BE,Tech,137.75,0.262,11,270,756,39,0,0.02
C1155,DE,Finance,49.41,0.643,8,153,321,29,1,11.56
C1156,ES,Energy,112.7,0.285,5,271,457,35,1,6.34
C1157,FR,Retail,180.31,0.43,10,34,662,29,0,0.24
C1158,BE,Tech,347.67,0.331,8,435,413,4,0,0.44
C1159,DE,Construction,105.65,0.082,4,362,342,11,0,0.09
C1160,DE,Retail,578.34,0.078,9,176,386,18,0,1.24
C1161,ES,Energy,112.26,0.524,9,183,662,13,0,0.19
C1162,ES,Construction,112.37,0.3,8,161,421,36,0,0.4
C1163,BE,Retail,531.74,0.243,6,495,435,20,1,141.4
C1164,ES,Energy,210.19,0.265,11,352,412,9,0,0.78
C1165,ES,Tech,123.17,0.199,5,232,785,24,0,0.01
C1166,FR,Energy,162.62,0.47,7,325,788,15,0,0.13
C1167,FR,Tech,467.38,0.433,10,36,742,5,0,0.01
C1168,DE,Finance,505.9,0.197,5,415,310,37,0,0.74
C1169,BE,Retail,102.33,0.34,11,299,437,37,0,0.16
C1170,BE,Finance,175.97,0.495,7,158,784,31,0,0.03
C1171,IT,Construction,193.08,0.314,7,348,604,13,0,1.61
C1172,IT,Finance,90.89,0.098,12,8,322,33,0,0.04
C1173,DE,Finance,174.34,0.307,4,247,436,12,0,0.06
C1174,FR,Retail,181.95,0.186,4,472,754,35,0,0.0
C1175,FR,Finance,402.68,0.508,9,381,783,35,0,0.1
C1176,DE,Energy,422.08,0.511,7,26,534,7,1,36.12
C1177,DE,Finance,143.96,0.442,8,297,383,13,0,0.03
C1178,FR,Finance,156.06,0.294,8,341,342,28,0,0.84
C1179,DE,Energy,288.59,0.233,8,265,423,10,0,0.58
C1180,FR,Tech,120.35,0.593,14,164,739,32,0,0.11
C1181,IT,Retail,273.7,0.06,15,341,754,27,0,0.0
C1182,BE,Retail,170.45,0.185,11,214,441,9,0,0.27
C1183,IT,Tech,91.97,0.286,10,474,837,31,0,0.0
C1184,ES,Finance,92.78,0.373,5,419,782,2,0,0.0
C1185,ES,Energy,499.17,0.256,6,455,843,15,0,0.09
C1186,DE,Energy,162.47,0.316,9,212,713,7,0,0.12
C1187,FR,Tech,571.49,0.094,8,340,615,1,0,0.33
C1188,ES,Energy,126.53,0.261,7,76,839,29,0,0.03
C1189,ES,Construction,222.26,0.613,8,377,678,6,0,0.68
C1190,FR,Finance,967.65,0.563,9,378,757,28,0,0.19
C1191,ES,Construction,86.47,0.354,6,388,521,3,0,0.66
C1192,DE,Construction,48.02,0.124,11,15,432,35,0,0.2
C1193,FR,Finance,446.13,0.197,7,230,615,39,0,0.04
C1194,IT,Energy,101.62,0.163,4,140,525,13,0,0.03
C1195,ES,Finance,178.66,0.307,10,457,493,19,0,0.8
C1196,IT,Tech,120.28,0.185,10,271,683,25,0,0.03
C1197,IT,Retail,218.7,0.1,10,307,635,24,0,0.08
C1198,BE,Energy,93.19,0.288,9,221,473,2,0,0.13
C1199,BE,Retail,159.82,0.551,5,61,432,39,0,0.66
C1200,IT,Retail,248.36,0.11,7,312,600,37,0,0.02
C1201,BE,Finance,89.5,0.425,8,307,479,19,0,0.15
C1202,ES,Construction,111.05,0.307,7,193,430,22,1,24.03
C1203,BE,Tech,142.14,0.564,9,316,422,7,1,36.07
C1204,IT,Finance,66.67,0.103,8,198,664,30,0,0.07
C1205,IT,Retail,134.86,0.255,6,331,528,21,1,68.51
C1206,BE,Tech,196.99,0.508,8,177,488,12,0,0.44
C1207,ES,Construction,137.05,0.378,9,387,363,12,1,60.83
C1208,IT,Tech,149.91,0.321,5,444,330,4,0,0.78
C1209,DE,Construction,178.76,0.2,5,244,682,31,0,0.02
C1210,BE,Finance,114.55,0.588,8,13,832,3,0,0.08
C1211,IT,Retail,294.05,0.353,7,342,478,22,0,0.46
C1212,IT,Retail,495.31,0.429,10,470,764,32,0,0.09
C1213,ES,Finance,130.97,0.5,7,356,630,3,0,0.39
C1214,BE,Energy,254.59,0.369,4,182,467,6,0,0.46
C1215,FR,Energy,153.28,0.501,7,284,611,30,0,0.33
C1216,FR,Energy,234.12,0.274,11,185,371,33,1,42.91
C1217,ES,Energy,542.42,0.509,7,388,485,4,0,6.47
C1218,IT,Construction,258.8,0.065,14,364,704,11,0,0.03
C1219,BE,Energy,52.38,0.542,11,314,768,24,0,0.01
C1220,ES,Retail,249.09,0.108,10,197,421,22,0,0.17
C1221,IT,Construction,429.66,0.269,12,90,800,21,0,0.38
C1222,ES,Construction,155.23,0.671,13,310,632,11,0,0.29
C1223,BE,Retail,363.92,0.158,10,171,426,22,0,0.71
C1224,IT,Tech,111.82,0.55,7,452,728,2,0,0.05
C1225,ES,Construction,64.08,0.214,3,36,784,35,0,0.0
C1226,BE,Construction,200.1,0.157,8,423,449,22,1,84.27
C1227,FR,Retail,53.01,0.287,5,390,358,15,0,0.02
C1228,BE,Retail,153.26,0.32,5,260,456,15,0,0.22
C1229,FR,Energy,446.21,0.297,6,496,716,15,0,0.01
C1230,DE,Energy,47.62,0.148,8,359,333,17,0,0.28
C1231,BE,Finance,74.02,0.413,11,25,459,8,1,16.63
C1232,IT,Energy,88.02,0.237,5,199,475,24,0,0.48
C1233,BE,Finance,173.41,0.216,13,421,309,8,0,0.84
C1234,IT,Tech,140.33,0.454,7,389,628,13,0,0.01
C1235,IT,Energy,482.7,0.558,8,84,743,34,0,0.02
C1236,DE,Retail,353.56,0.418,9,89,385,22,0,1.49
C1237,FR,Energy,256.39,0.186,4,462,787,36,0,0.01
C1238,FR,Retail,200.73,0.469,5,27,824,26,0,0.01
C1239,DE,Energy,238.71,0.132,6,475,778,31,0,0.04
C1240,FR,Tech,99.15,0.082,10,272,697,4,0,0.04
C1241,ES,Retail,330.32,0.089,9,404,546,20,0,0.05
C1242,IT,Retail,83.23,0.14,7,111,412,14,0,0.18
C1243,BE,Energy,325.31,0.327,8,175,802,1,0,0.1
C1244,ES,Finance,415.84,0.47,4,365,591,4,0,0.94
C1245,BE,Retail,210.1,0.177,14,85,548,8,0,0.17
C1246,BE,Energy,160.24,0.472,9,55,515,1,0,0.25
C1247,BE,Tech,239.9,0.054,9,306,420,18,0,0.14
C1248,ES,Finance,24.46,0.408,11,9,510,2,1,13.37
C1249,DE,Energy,223.99,0.174,7,469,739,33,0,0.03
C1250,BE,Finance,167.44,0.224,12,339,607,24,0,0.03
C1251,DE,Tech,174.96,0.272,11,358,517,38,1,32.49
C1252,ES,Retail,297.25,0.302,7,252,359,4,1,96.88
C1253,FR,Energy,172.03,0.316,8,313,528,4,0,0.56
C1254,IT,Construction,81.6,0.137,10,476,418,34,0,0.24
C1255,IT,Finance,164.19,0.287,4,7,518,16,0,0.05
C1256,FR,Finance,190.05,0.152,10,127,382,30,0,0.41
C1257,DE,Finance,196.46,0.088,5,350,821,8,0,0.0
C1258,ES,Construction,203.03,0.296,9,66,395,1,0,2.21
C1259,ES,Tech,375.24,0.269,10,126,368,20,1,95.29
C1260,BE,Energy,84.76,0.069,9,16,660,23,0,0.01
C1261,DE,Retail,205.0,0.138,6,32,489,5,0,0.1
C1262,BE,Energy,447.18,0.065,5,224,847,1,0,0.02
C1263,ES,Tech,53.83,0.533,8,331,522,9,0,0.1
C1264,BE,Retail,205.56,0.098,4,54,658,5,0,0.01
C1265,DE,Tech,120.33,0.272,9,491,758,39,0,0.06
C1266,FR,Energy,139.84,0.256,11,388,841,39,0,0.01
C1267,FR,Tech,96.22,0.498,6,333,745,1,0,0.05
C1268,DE,Finance,160.99,0.046,6,40,617,18,0,0.07
C1269,BE,Energy,657.79,0.555,10,261,747,15,0,2.6
C1270,FR,Finance,74.81,0.433,8,460,455,2,0,0.17
C1271,DE,Construction,79.94,0.327,12,122,778,26,0,0.02
C1272,FR,Retail,72.87,0.336,8,272,779,34,0,0.0
C1273,BE,Tech,607.4,0.318,10,284,511,24,0,0.03
C1274,IT,Construction,131.15,0.107,15,349,336,36,0,0.49
C1275,IT,Energy,178.05,0.266,11,459,676,25,0,0.05
C1276,IT,Tech,136.74,0.395,5,69,356,22,0,0.38
C1277,IT,Energy,93.59,0.39,13,36,309,37,0,1.18
C1278,IT,Finance,153.76,0.256,6,49,821,28,0,0.0
C1279,FR,Tech,1013.1,0.214,8,137,612,30,0,0.18
C1280,BE,Retail,480.32,0.205,6,180,657,31,0,0.02
C1281,IT,Tech,99.78,0.057,7,439,784,2,0,0.01
C1282,IT,Finance,285.23,0.345,15,262,810,29,0,0.05
C1283,DE,Construction,101.28,0.1,10,373,826,30,0,0.0
C1284,BE,Finance,52.28,0.152,10,289,373,20,0,0.11
C1285,DE,Finance,370.06,0.038,12,476,478,23,0,0.13
C1286,FR,Retail,408.33,0.112,10,168,722,33,0,0.04
C1287,BE,Tech,377.0,0.178,9,336,315,6,1,127.47
C1288,DE,Retail,130.46,0.085,11,139,429,21,0,0.07
C1289,FR,Retail,161.3,0.501,4,120,583,31,0,0.13
C1290,IT,Finance,306.38,0.044,5,490,488,11,0,0.21
C1291,DE,Finance,238.42,0.18,4,16,395,11,0,0.27
C1292,BE,Retail,137.61,0.102,9,139,794,1,0,0.0
C1293,ES,Construction,58.36,0.236,6,196,546,13,0,0.09
C1294,FR,Energy,196.31,0.326,8,73,526,14,0,1.04
C1295,BE,Retail,385.8,0.267,5,387,661,38,0,0.24
C1296,ES,Finance,78.39,0.38,7,182,668,4,0,0.14
C1297,DE,Finance,283.48,0.558,7,232,570,26,0,3.05
C1298,IT,Energy,228.62,0.045,4,155,788,3,0,0.03
C1299,ES,Construction,306.47,0.285,12,446,462,32,0,0.15
C1300,FR,Tech,333.75,0.581,12,213,778,19,0,0.25
C1301,IT,Construction,111.48,0.12,8,394,777,17,0,0.0
C1302,ES,Energy,58.45,0.181,9,313,304,37,0,0.86
C1303,IT,Finance,124.78,0.18,8,478,715,30,0,0.0
C1304,BE,Retail,337.78,0.261,11,303,387,5,1,76.7
C1305,IT,Retail,124.04,0.136,10,492,567,11,0,0.02
C1306,IT,Finance,111.52,0.305,14,350,805,11,0,0.02
C1307,DE,Tech,50.66,0.25,11,34,407,24,0,0.08
C1308,DE,Tech,618.23,0.405,10,82,609,33,0,0.08
C1309,ES,Construction,323.11,0.273,9,395,727,25,0,0.02
C1310,BE,Retail,310.73,0.598,6,27,564,16,0,0.94
C1311,ES,Energy,356.88,0.137,10,99,342,30,0,1.64
C1312,DE,Tech,271.43,0.516,7,396,335,30,0,1.52
C1313,IT,Retail,152.78,0.083,7,180,584,4,0,0.02
C1314,BE,Finance,161.64,0.148,12,112,313,22,0,0.73
C1315,BE,Retail,134.38,0.342,8,102,308,28,0,1.01
C1316,DE,Retail,1146.33,0.141,5,161,824,24,0,0.03
C1317,IT,Construction,267.51,0.317,9,419,593,10,0,0.07
C1318,ES,Finance,131.02,0.173,8,230,560,7,0,0.45
C1319,ES,Retail,251.1,0.091,10,477,355,12,0,1.29
C1320,DE,Construction,89.33,0.266,8,359,732,14,0,0.06
C1321,FR,Energy,519.65,0.082,10,137,580,36,0,0.15
C1322,DE,Finance,114.12,0.207,5,85,421,25,0,0.18
C1323,ES,Retail,257.43,0.191,9,472,714,33,0,0.01
C1324,BE,Finance,382.29,0.485,4,451,430,2,0,1.52
C1325,BE,Construction,237.3,0.253,11,65,576,31,0,0.56
C1326,FR,Finance,193.66,0.506,7,164,608,8,0,0.58
C1327,IT,Tech,182.65,0.149,9,372,453,23,0,0.17
C1328,FR,Finance,174.25,0.559,7,491,781,16,0,0.53
C1329,IT,Construction,121.06,0.331,5,452,686,34,0,0.2
C1330,DE,Retail,132.34,0.161,4,146,458,27,0,0.29
C1331,ES,Finance,510.66,0.166,9,448,386,18,0,0.1
C1332,IT,Construction,168.01,0.272,10,364,480,20,0,1.13
C1333,ES,Tech,104.58,0.364,6,234,555,28,0,0.05
C1334,BE,Energy,126.29,0.127,6,191,602,29,0,0.02
C1335,ES,Tech,391.61,0.527,10,407,520,23,0,0.57
C1336,BE,Energy,290.88,0.105,9,419,322,29,0,2.13
C1337,IT,Finance,268.33,0.066,5,457,671,31,0,0.02
C1338,DE,Finance,151.37,0.147,7,233,508,2,0,0.13
C1339,IT,Tech,270.79,0.617,12,137,484,15,1,50.05
C1340,ES,Finance,115.53,0.199,14,435,605,36,0,0.09
C1341,ES,Energy,151.15,0.227,12,154,759,13,0,0.18
C1342,FR,Construction,357.4,0.418,11,378,302,33,0,3.06
C1343,FR,Construction,334.29,0.259,4,257,828,22,0,0.02
C1344,ES,Energy,91.16,0.492,8,295,650,11,0,0.28
C1345,FR,Energy,99.6,0.127,10,108,600,14,0,0.01
C1346,BE,Energy,195.6,0.483,10,128,328,19,0,5.45
C1347,BE,Finance,606.86,0.344,6,328,691,5,0,0.12
C1348,IT,Tech,47.42,0.01,7,133,695,13,0,0.01
C1349,IT,Tech,220.27,0.306,13,336,608,27,0,0.18
C1350,ES,Tech,69.18,0.19,10,495,740,36,0,0.01
C1351,FR,Retail,116.28,0.273,8,45,761,38,0,0.03
C1352,DE,Tech,140.46,0.119,3,463,761,15,0,0.01
C1353,ES,Retail,135.05,0.459,8,89,479,31,1,62.44
C1354,BE,Retail,124.75,0.556,10,73,670,16,0,0.05
C1355,DE,Construction,182.19,0.135,8,417,331,32,0,0.2
C1356,ES,Retail,124.63,0.361,7,106,608,36,0,0.11
C1357,DE,Energy,65.12,0.254,10,325,380,18,0,1.42
C1358,FR,Construction,312.91,0.173,10,57,469,24,0,0.07
C1359,FR,Construction,307.05,0.273,12,47,672,34,0,0.02
C1360,DE,Energy,327.09,0.269,18,104,533,6,0,0.26
C1361,FR,Retail,61.65,0.201,5,262,774,10,0,0.01
C1362,FR,Finance,223.46,0.477,4,148,347,25,0,1.09
C1363,DE,Finance,290.96,0.276,8,115,834,7,0,0.04
C1364,DE,Construction,88.07,0.388,6,419,688,31,0,0.07
C1365,ES,Retail,182.44,0.304,12,91,536,11,0,0.07
C1366,FR,Retail,167.1,0.154,10,52,313,14,0,0.84
C1367,DE,Tech,658.2,0.349,7,59,322,32,0,1.85
C1368,ES,Retail,697.25,0.245,11,441,527,21,0,0.97
C1369,BE,Finance,56.54,0.535,8,240,614,31,0,0.2
C1370,IT,Tech,1038.72,0.406,5,486,578,25,0,0.28
C1371,BE,Tech,95.52,0.641,9,404,463,21,0,1.8
C1372,DE,Finance,360.13,0.554,6,144,657,20,0,0.21
C1373,ES,Finance,357.58,0.171,10,396,637,32,0,0.15
C1374,ES,Tech,90.29,0.143,8,230,488,39,0,0.13
C1375,BE,Tech,256.03,0.068,11,282,479,1,0,0.46
C1376,BE,Energy,168.13,0.152,8,267,543,20,0,0.06
C1377,BE,Construction,267.21,0.296,8,380,708,31,0,0.05
C1378,IT,Finance,213.04,0.275,11,106,623,26,0,0.01
C1379,ES,Finance,418.82,0.106,9,34,369,19,0,0.07
C1380,ES,Finance,191.1,0.285,12,367,807,31,0,0.02
C1381,BE,Retail,161.17,0.311,7,477,411,19,0,0.14
C1382,DE,Tech,390.43,0.263,7,292,669,6,0,0.2
C1383,DE,Energy,272.13,0.143,4,63,309,11,0,0.26
C1384,BE,Retail,302.56,0.482,14,60,439,2,0,1.85
C1385,DE,Tech,113.84,0.249,8,274,610,28,0,0.07
C1386,DE,Retail,87.21,0.223,8,448,765,38,0,0.0
C1387,ES,Finance,121.83,0.124,1,308,609,15,0,0.01
C1388,DE,Retail,117.38,0.671,14,154,330,29,1,18.47
C1389,BE,Retail,314.3,0.333,10,312,825,39,0,0.01
C1390,BE,Retail,358.95,0.157,7,82,449,16,0,0.71
C1391,DE,Retail,162.62,0.273,8,242,500,35,0,0.57
C1392,ES,Energy,493.56,0.332,5,491,359,1,1,91.91
C1393,BE,Tech,472.45,0.25,3,316,682,27,0,0.07
C1394,IT,Finance,214.94,0.358,15,55,545,7,0,0.89
C1395,DE,Tech,101.97,0.135,6,104,420,31,0,0.25
C1396,ES,Energy,546.08,0.186,11,34,650,1,0,0.44
C1397,IT,Construction,173.69,0.325,12,203,407,33,0,0.52
C1398,IT,Construction,198.01,0.51,11,122,592,16,1,62.47
C1399,FR,Construction,142.92,0.173,9,489,664,10,0,0.11
C1400,DE,Tech,97.24,0.314,8,163,746,22,0,0.12
C1401,BE,Energy,64.84,0.389,7,22,682,39,0,0.01
C1402,DE,Finance,282.31,0.287,7,219,612,7,0,0.09
C1403,DE,Finance,104.75,0.117,8,369,318,13,0,0.21
C1404,DE,Construction,1543.29,0.733,3,344,427,25,1,728.37
C1405,FR,Construction,84.75,0.135,11,488,617,4,0,0.02
C1406,FR,Finance,75.18,0.287,7,186,595,38,0,0.07
C1407,DE,Construction,259.07,0.153,6,263,593,21,1,86.97
C1408,BE,Finance,528.75,0.24,6,281,704,39,0,0.07
C1409,FR,Retail,189.66,0.25,5,16,797,17,0,0.03
C1410,DE,Tech,270.58,0.12,7,7,576,33,0,0.02
C1411,FR,Retail,49.87,0.101,4,399,374,13,0,0.03
C1412,ES,Retail,112.81,0.184,7,195,543,18,0,0.02
C1413,DE,Energy,85.5,0.239,8,345,439,14,0,0.31
C1414,IT,Tech,48.11,0.443,7,472,591,22,0,0.0
C1415,ES,Energy,196.74,0.147,4,126,624,9,0,0.24
C1416,IT,Energy,37.71,0.221,12,388,601,20,0,0.12
C1417,IT,Construction,71.84,0.205,8,110,619,33,0,0.03
C1418,ES,Finance,124.46,0.273,9,371,470,7,0,0.16
C1419,BE,Finance,101.3,0.467,9,84,397,31,0,0.85
C1420,ES,Tech,239.24,0.353,8,155,769,34,0,0.24
C1421,BE,Tech,224.51,0.204,13,237,520,2,0,1.31
C1422,BE,Construction,338.88,0.403,12,246,414,27,0,0.86
C1423,ES,Retail,306.95,0.087,7,20,847,19,0,0.0
C1424,IT,Energy,402.85,0.195,8,423,318,25,0,4.29
C1425,DE,Energy,181.03,0.366,9,7,490,12,0,0.04
C1426,BE,Retail,224.17,0.339,8,440,707,9,0,0.12
C1427,IT,Construction,259.32,0.19,11,107,525,12,0,0.38
C1428,BE,Tech,200.17,0.187,8,356,763,6,0,0.08
C1429,DE,Retail,137.27,0.084,5,357,497,16,0,0.05
C1430,IT,Construction,143.64,0.267,10,230,653,35,0,0.15
C1431,ES,Retail,102.28,0.11,3,270,535,31,0,0.01
C1432,FR,Construction,243.5,0.142,8,41,557,7,0,0.05
C1433,FR,Retail,169.73,0.278,5,450,573,22,0,0.29
C1434,ES,Energy,113.95,0.624,1,64,836,3,0,0.33
C1435,DE,Finance,114.03,0.325,9,330,717,3,0,0.16
C1436,FR,Tech,77.69,0.274,7,5,503,25,0,0.25
C1437,ES,Construction,359.67,0.057,8,374,529,12,0,0.69
C1438,IT,Construction,191.53,0.201,3,182,523,28,0,0.13
C1439,DE,Finance,99.09,0.665,8,243,704,7,0,0.33
C1440,BE,Retail,319.25,0.239,7,16,625,5,0,0.22
C1441,IT,Construction,122.45,0.426,9,113,593,28,0,0.22
C1442,ES,Finance,67.72,0.276,6,220,536,9,0,0.03
C1443,BE,Construction,370.5,0.329,11,360,519,3,0,0.41
C1444,ES,Retail,124.47,0.426,6,300,605,31,0,0.11
C1445,FR,Finance,136.15,0.413,9,133,757,28,0,0.02
C1446,FR,Retail,186.57,0.026,9,299,831,37,0,0.0
C1447,BE,Energy,403.35,0.028,7,115,333,24,0,1.67
C1448,BE,Energy,183.83,0.199,16,279,430,19,0,0.11
C1449,IT,Energy,78.31,0.532,13,272,676,27,0,0.14
C1450,FR,Energy,265.26,0.341,6,116,381,31,0,0.66
C1451,DE,Retail,129.09,0.292,14,104,635,25,0,0.09
C1452,FR,Energy,679.63,0.191,8,261,532,13,1,82.08
C1453,FR,Finance,181.13,0.173,6,295,404,35,0,0.45
C1454,DE,Energy,37.92,0.104,9,490,577,28,0,0.02
C1455,ES,Tech,232.79,0.714,9,250,579,35,0,4.0
C1456,FR,Finance,707.13,0.196,13,225,692,22,0,0.42
C1457,BE,Retail,546.29,0.125,8,240,754,18,0,0.02
C1458,ES,Energy,653.06,0.206,11,437,825,33,0,0.01
C1459,DE,Energy,88.78,0.48,7,156,541,24,0,0.15
C1460,ES,Energy,343.27,0.428,7,193,678,31,0,0.07
C1461,IT,Finance,109.36,0.542,5,187,732,35,0,0.03
C1462,DE,Energy,212.09,0.192,5,313,842,12,0,0.01
C1463,FR,Finance,74.36,0.394,9,351,657,8,0,0.06
C1464,FR,Retail,115.46,0.195,6,243,435,6,0,0.5
C1465,BE,Construction,112.91,0.338,10,135,488,24,0,0.05
C1466,FR,Energy,340.01,0.085,8,345,414,32,0,0.1
C1467,IT,Tech,317.51,0.381,8,141,408,39,0,0.22
C1468,DE,Tech,220.03,0.689,13,449,468,2,1,95.15
C1469,IT,Construction,70.44,0.168,9,313,574,1,0,0.09
C1470,FR,Construction,145.74,0.09,7,223,732,27,0,0.05
C1471,BE,Construction,107.52,0.756,10,120,460,11,1,6.23
C1472,IT,Retail,333.21,0.433,10,379,402,19,0,0.75
C1473,ES,Energy,413.53,0.326,7,306,369,4,0,7.04
C1474,DE,Finance,379.73,0.557,9,441,407,3,1,115.97
C1475,BE,Retail,106.84,0.473,3,354,538,21,0,0.08
C1476,DE,Energy,26.64,0.192,9,395,526,27,0,0.02
C1477,ES,Energy,52.62,0.112,5,50,519,35,0,0.09
C1478,DE,Finance,490.36,0.472,12,17,474,19,0,3.9
C1479,DE,Tech,136.88,0.128,8,330,549,26,0,0.14
C1480,ES,Energy,107.18,0.15,3,5,655,34,0,0.03
C1481,FR,Construction,572.41,0.593,2,446,324,17,1,146.27
C1482,FR,Retail,439.49,0.138,9,442,789,9,0,0.01
C1483,DE,Finance,184.4,0.257,12,294,468,33,0,0.67
C1484,FR,Finance,147.62,0.566,8,366,376,1,1,28.78
C1485,ES,Construction,165.26,0.058,11,213,396,11,1,13.76
C1486,BE,Construction,212.52,0.554,7,479,600,6,1,29.18
C1487,FR,Construction,555.59,0.058,10,22,586,26,0,0.36
C1488,FR,Construction,243.65,0.199,8,149,348,11,0,1.97
C1489,FR,Finance,301.33,0.091,9,350,574,14,0,0.1
C1490,ES,Energy,410.96,0.25,6,395,421,26,0,0.92
C1491,DE,Energy,79.94,0.251,10,124,801,12,0,0.01
C1492,ES,Construction,307.48,0.096,7,401,470,15,0,0.92
C1493,FR,Retail,147.5,0.294,3,233,849,20,0,0.01
C1494,DE,Finance,31.15,0.111,6,429,618,5,0,0.01
C1495,ES,Construction,40.87,0.329,9,137,830,37,0,0.0
C1496,ES,Construction,88.88,0.139,15,347,605,39,0,0.08
C1497,ES,Tech,262.92,0.322,2,107,369,28,0,0.46
C1498,IT,Tech,196.3,0.081,7,73,653,5,0,0.05
C1499,ES,Energy,206.24,0.255,8,354,562,19,0,0.09
C1500,BE,Construction,710.28,0.135,6,342,750,14,0,0.11
